rank,lemma,sense,stage,candidates,grammar_leads,fix,proposal,note
8,have,,translate,ebeho 🐻 bear (bear); ubuve 🪃 throw (throw),causation.md#cause `thegem` (via cause); say-reasons.md#reasons-causation-practice `thegem` (via cause); causation.md#make `thegem` (via cause); causation.md#intermediate-translation-practice `thegem` (via cause),,,
18,with,,translate,,numbers.md#advanced-english-to-agazan `xrebul`; numbers.md#advanced-agazan-to-english `xrebul`; say-questions.md#rank-single-item-under-question `…oel`; hooks.md#extra-noun `ol`,,,
21,do,,translate,edeza 👗 dress (dress),causation.md#cause `thegem` (via cause); say-reasons.md#reasons-causation-practice `thegem` (via cause); causation.md#intermediate-translation-practice `thegem` (via cause); causation.md#intermediate-english-to-agazan `thegem` (via cause),,,
30,say,,translate,ezebe 💬 tell (tell); ebedo 🍱 order (order),dependents.md#which-person-or-thing-who-that-which `vezebel` (via tell); spans.md#writing `vezebel` (via tell); say-people-places.md#which-noun-with-resume-and-kinds `vezebel` (via tell); say-questions.md#reported-questions `vezebel` (via tell),,,
41,know,,translate,alava 🥰 love (love); ebeda 🛏️ bed (bed); abawo ‼️ bang (bang),say-tense.md#progressive `thodum` (via live); say-reasons.md#residue-against-a-snapshot `thodum` (via live); knowing.md#evidence-clause `thodum` (via live); knowing.md#residue-and-former-climate `thodum` (via live),,,
43,get,,translate,uvude 👣 go (go); umuve 🎥 capture (capture); amega 🔍 find (find); arehe 🏹 aim (aim); ebege 🔰 begin (begin),roles.md#intermediate-translation-practice `vuvudel` (via go); hooks.md#deixis `vuvudel` (via go); say-reasons.md#phase-verbs `vebeham` (via start); causation.md#cause `thegem` (via cause),,,
54,other,,translate,,knowing.md#residue-and-former-climate `thunem` (via former); say-tense.md#used-to `thunem` (via former); say-reasons.md#residue-against-a-snapshot `thunem` (via former); intention.md#can-xa `thunem` (via former),,,
56,good,,translate,,hooks.md#extra-noun-stacked-vowels-and-loose-m `om` (via near); hooks.md#deixis `om` (via near); intention.md#endings-—-changeability `thehal`; knowing.md#phasal `huhal`,,,
57,people,,translate,,say-amounts.md#denominator-portion-of-what `bebezalx g+5%`; plurality.md#where-x-sits `person-role specials`; sakes.md#permission `therer`; plurality.md#person-role-x `amegunx`,,,
59,take,,translate,eleha 🧑‍🎓 learn (learn); edeha 🚆 train (train); adage 🚕 hire (hire); alaga 🧳 carry (carry); evave 🎞️ film (film); arehe 🏹 aim (aim); eweza ⬅️ return (return); edede ™️ claim (claim),join-across-roles.md#intermediate-english-to-agazan `von` (via choose); join-across-roles.md#intermediate-agazan-to-english `von` (via choose); knowing.md#advanced-translation-practice `ededem` (via claim); knowing.md#advanced-english-to-agazan `gededem` (via claim),,,
64,just,,translate,,dependents.md#sentence-linkers `xagozal` (via but); joins.md#standalone-phrase `A zal`; say-tense.md#tense-jobs `bare verb (this stretch)`; say-questions.md#set-single-item-under-question `…al`,,,
65,come,,translate,adahe ⏬ fall (fall),comparatives.md#amount-scale `gral` (via amount); comparatives.md#vague-amounts `gral` (via amount); comparatives.md#sake-benchmarks `gral` (via amount); restrictors.md#intermediate-translation-practice `vadahel` (via fall),,,
67,work,,translate,araha 🏃 run (run); uvude 👣 go (go); eboga 🛝 play (play); ewedu 🌬️ influence (influence); areve 🔄 turn (turn); abeba 🏴‍☠️ exploit (exploit),roles.md#intermediate-translation-practice `vuvudel` (via go); hooks.md#deixis `vuvudel` (via go); roles.md#role-compounds `varahal` (via run); say-people-places.md#which-noun-with-resume-and-kinds `varahal` (via run),,,
72,also,,translate,,spans.md#edge `u`; restrictors.md#set-invert-inclusive `hol / hom`; say-questions.md#set-single-item-under-question `…ur` (via besides); comparatives.md#vague-amounts `zugen / bral / zel / zuel` (via too),,,
73,into,,translate,,numbers.md#number-as-adverb-by-marker `ru`,,,
77,give,,translate,ahada ✋ hand (hand); agado 🐙 reach (reach); ahazo 🪻 spring (spring); ebezo 🎁 present (present); oboho ♟️ sacrifice (sacrifice); amo 💰 pay (pay); ubuve 🪃 throw (throw); odo 🚪 open (open),sakes.md#time-horizon-endings-on-met `zebezol` (via present); relations.md#of-relations `dahadal` (via hand); say-tense.md#tense-practice `vadebal` (via leave); hooks.md#hook-compounds `vowogalul` (via leave),,,
79,new,,translate,uwa 🪵 raw (raw),numbers.md#number-endings `g+3 / g+`; dependents.md#orthography-and-prosody-periods `/y/`; phonology.md#phonotactics-word-shape `Root(s) V(CV)+`; numbers.md#number-as-discourse-marker-by-marker `ru`,,,
80,way,,translate,agabu 🧭 direction (direction),dependents.md#sentence-linkers `xavazel`; hooks.md#extra-noun-stacked-vowels-and-loose-m `uol`; say-people-places.md#antecedent-was-an-adjective-ɡ `/h/ / -r`; say-people-places.md#antecedent-was-a-verb-v `/ɡ/ / -r`,,,
87,thing,,translate,,x-compounds.md#one-thing-or-two `two words`; comparatives.md#vague-amounts `zereben`; sakes.md#sake-inventory `udu`; say-people-places.md#antecedent-was-an-adjective-extra-w `/z/ / /d/ / /b/ / -r`,,,
90,need,,translate,,say-questions.md#set-standalone-under-question `…aom`; numbers.md#starter-examples `g=+3`; say-tense.md#must-should `themehom`; comparatives.md#sake-benchmarks `zuhon`,,,
92,right,,translate,egega ⭕ correct (correct),x-compounds.md#families-by-shape `x / a / e / o / u`; roles.md#intermediate-translation-practice `ezadal`; sakes.md#time-horizon-endings-on-met `…thar`; intention.md#can-t-xe-xo-xu `xe`,,,
95,mean,,translate,evega 🤔 think (think),knowing.md#beginner-translation-practice `vevegal` (via think); knowing.md#beginner-english-to-agazan `vevegal` (via think); knowing.md#beginner-agazan-to-english `vevegal` (via think); say-tense.md#will-want `thumar` (via think),,,
101,last,,translate,azaga 💀 death (death); uvude 👣 go (go); ogove ⚰️ end (end),say-reasons.md#phase-verbs `vevehal` (via finish); say-tense.md#progressive `thodum` (via live); say-reasons.md#residue-against-a-snapshot `thodum` (via live); knowing.md#evidentiality `thodum` (via live),,,
104,really,,translate,elava 🐘 very (very),relations.md#beginner `welavam` (via very); clause.md#adjective-detail-w `welavam` (via very); say-questions.md#exclamations `welavam` (via very); clause.md#extra-nouns `welavam` (via very),,,
105,call,,translate,agahu 😭 cry (cry); ezoge 😱 scream (scream); ereha 💍 ring (ring); ereha 💍 promise (promise); alude 🔊 shout (shout); ovavo 📱 phone (phone); edede ™️ claim (claim),knowing.md#hold-endings-may `vagahul` (via cry); knowing.md#beginner-translation-practice `vagahul` (via cry); knowing.md#beginner-english-to-agazan `vagahul` (via cry); knowing.md#beginner-agazan-to-english `vagahul` (via cry),,,
107,company,,translate,abade 🥳 party (party); emeze 🤶 companionship (companionship); emeda 🧉 fellowship (fellowship),relations.md#social-relations `gemezem` (via companionship); roles.md#the-extra-b-party-o `…oxROOT…` (via party); predication.md#label-scope `tho` (via party),,,
110,show,,translate,obo ☝️ point (point); ebezo 🎁 present (present); elebo 💄 appearance (appearance); eru ⏺️ record (record); ezego 📶 evidence (evidence),knowing.md#evidentiality `therum` (via record); knowing.md#intermediate-translation-practice `therum` (via record); knowing.md#intermediate-english-to-agazan `therum` (via record); knowing.md#intermediate-agazan-to-english `therum` (via record),,,
111,life,,translate,,roles.md#intermediate-translation-practice `alavul`; roles.md#intermediate-english-to-agazan `zalavul`; roles.md#intermediate-agazan-to-english `zalavul`,,,
114,place,,translate,obo ☝️ point (point); ebedo 🍱 order (order); ahaza 🏠 home (home); oveza 🏢 office (office); ezede 🚉 station (station); ezeda 💺 seat (seat); arehe 🏹 aim (aim); ehahe 🪑 position (position),numbers.md#group-separator `zezedal` (via seat); numbers.md#intermediate-translation-practice `ezedal` (via seat); numbers.md#intermediate-english-to-agazan `zezedal` (via seat); numbers.md#intermediate-agazan-to-english `zezedal` (via seat),,,
115,long,,translate,,say-tense.md#tense-jobs `thodom barl / thrul`; intention.md#want-endings `thuhul`; phonology.md#phonotactics-word-shape `x`; say-people-places.md#named-handles `zubugaxalahen`,,,
124,great,,translate,elava 🐘 big (big); araga 🪨 heavy (heavy),say-questions.md#exclamations `gelavam` (via big); numbers.md#how-big `gelavam` (via big); comparatives.md#comparatives-e `gelavam` (via big); predication.md#existence `gelavam` (via big),,,
129,own,,translate,,roles.md#landmark-facing `gazavathol bahazal`; english.md#of `gegabem / /b/`; numbers-applied.md#ordinal-generation-—-digitful-exponent-on `g#3`; roles.md#viewpoint-vs-landmark `th / o / /b/`,,,
132,little,,translate,amaza 🐁 small (small),spans.md#mention `gamazam` (via small); spans.md#beginner-translation-practice `gamazam` (via small); spans.md#beginner-english-to-agazan `gamazam` (via small); spans.md#beginner-agazan-to-english `gamazam` (via small),,,
133,help,,translate,ebede 🍽️ service (service),hooks.md#hook-compounds `vowogalel` (via serve); sakes.md#thanks-sorry `…tham`; sakes.md#prescription-the-ought-this-act-for-this-sake `…them` (via serve),,,
134,ask,,translate,,x-compounds.md#conversation-length `alahexon`; x-compounds.md#intermediate-english-to-agazan `ameguxon`; x-compounds.md#intermediate-agazan-to-english `yalahexon`; say-questions.md#set-standalone-under-question `…or`,,,
135,meet,,translate,ahaga 🤙 contact (contact); ahaha 👁️ see (see); eboga 🛝 play (play),numbers-applied.md#digit-strings `vahahal` (via see); say-people-places.md#as-for `vahahal` (via see); say-questions.md#echo `vahahal` (via see); say-people-places.md#which-noun-with-resume-and-kinds `vahahal` (via see),,,
137,talk,,translate,amava 👄 mouth (mouth); ezehe 🧑‍🎤 sing (sing); ebaha 🍑 peach (peach),restrictors.md#always-hual `vezehel` (via sing); spans.md#exact-paraphrase-proper `vezehel` (via sing); dependents.md#dependent-clauses `vezehel` (via sing); say-people-places.md#which-noun-with-resume-and-kinds `vezehel` (via sing),,,
139,put,,translate,ebedo 🍱 order (order); evevo 🖼️ frame (frame); ageha 🛋️ couch (couch); ehahe 🪑 position (position),predication.md#intermediate-translation-practice `evevol` (via frame); predication.md#intermediate-english-to-agazan `devevol` (via frame); predication.md#intermediate-agazan-to-english `zevevol` (via frame); speech-moves.md#speech-manner `thagazam`,,,
140,another,,translate,,x-compounds.md#one-thing-or-two `two words`; restrictors.md#sometimes-anytime-some-other-time `hur` (via some other); restrictors.md#on-the-following-adjective-w `wur` (via some other); restrictors.md#beginner-agazan-to-english `hur` (via some other),,,
141,become,,translate,uvude 👣 go (go); areve 🔄 turn (turn),roles.md#intermediate-translation-practice `vuvudel` (via go); hooks.md#deixis `vuvudel` (via go); roles.md#goal-source-path `…oexROOT…` (via go); hooks.md#extra-noun `el` (via get),,,
142,interest,,translate,eweda 😟 concern (concern); ereza 🏇 pursuit (pursuit); ezegu 🍶 sake (sake),sakes.md#beginner-translation-practice `ugel` (via sake); comparatives.md#sake-benchmarks `zugen` (via sake); sakes.md#sake-inventory `ona` (via sake); sakes.md#prescription-the-ought-this-act-for-this-sake `…them` (via sake),,,
144,old,,translate,,knowing.md#residue-and-former-climate `thunem` (via former); say-tense.md#used-to `thunem` (via former); say-reasons.md#residue-against-a-snapshot `thunem` (via former); intention.md#can-xa `thunem` (via former),,,
148,high,,translate,,say-amounts.md#measured-differentials `gadavem` (via heights); joins.md#unspecified-member-r `zer / ver / xer`; comparatives.md#equatives-ae-shared-scale `ae / zael / zaem` (via heights),,,
149,different,,translate,,say-reasons.md#remote-unreal `thrul` (via unlike); numbers.md#number-as-stance-by-marker `ra / ru` (via unlike),,,example only
150,off,,translate,oboza 📮 dispatch (dispatch),say-tense.md#must-should `bral`; sakes.md#word-shape `tha`; sakes.md#emotion-compose `u`; spans.md#close-forms-complete-editorial-close-all `xuxur`,,,
156,world,,translate,ebeza 🧑 humanity (humanity); amaha 👨 man (man); olo 🌐 globe (globe),say-tense.md#future `bral`; knowing.md#universality `zuam gagadal … thogol` (via domain),,,
164,course,,translate,araha 🏃 run (run); oroha 🚣 row (row); eheve 🪼 flow (flow),roles.md#role-compounds `varahal` (via run); say-people-places.md#which-noun-with-resume-and-kinds `varahal` (via run); joins.md#and-lists-a `varahal` (via run); dependents.md#dependent-clauses `varahal` (via run),,,example only
166,report,,translate,umuyu 🎼 composition (composition),knowing.md#intermediate-translation-practice `thazom` (via story); knowing.md#intermediate-agazan-to-english `thazom` (via story); say-tense.md#tense-jobs `bare verb (this stretch)`; joins.md#standalone-phrase `A zal` (via story),,,
167,group,,translate,,plurality.md#associative `-nx`; plurality.md#vocatives-y `-nx`; plurality.md#adjectives-g `zavahal gagegem`; plurality.md#where-x-sits `/y/`,,,
168,case,,translate,aveza 🙂 face (face); eheho 🐚 shell (shell),causation.md#cause `thegem` (via cause); say-reasons.md#reasons-causation-practice `thegem` (via cause); causation.md#make `thegem` (via cause); causation.md#intermediate-translation-practice `thegem` (via cause),,,
173,seem,,translate,azahe 👀 look (look),joins.md#full-single-item-and-standalone-inventories `zaem` (via look); phonology.md#phonotactics-word-shape `l / /ɡ/` (via look); relations.md#social-relations `gahazum / /b/` (via look),,,
177,keep,,translate,ezeva 🦸 save (save); agava 🩼 support (support),intention.md#endings-—-commitment `thudol`; dependents.md#orthography-and-prosody-periods `/x/`; intention.md#want-endings `thuhul`; numbers.md#digitless `ru / …-`,,,
179,system,,translate,uzege 🦹 scheme (scheme); adabu 📑 organization (organization),,,,
182,during,,triage,,,,,example only
185,set,,translate,edeza 👗 dress (dress); udu 🧰 readiness (readiness); ehahe 🪑 position (position); egega ⭕ correct (correct),say-questions.md#set-standalone-under-question `…aol`; join-across-roles.md#join-act-verbs `vuan`; plurality.md#where-x-sits `/ɡ/`; joins.md#standalone-phrase `A B zam`,,,
187,study,,translate,eleha 🧑‍🎓 learn (learn); arado 🥋 discipline (discipline); evewu 🟩 field (field),intention.md#endings-—-map-resolution `thumar` (via sketch); intention.md#beginner-english-to-agazan `thumar` (via sketch); intention.md#beginner-agazan-to-english `thumar` (via sketch); say-reasons.md#plan-and-forecast-against-a-snapshot `thumar` (via sketch),,,
188,follow,,translate,awaha ⌚ watch (watch),knowing.md#hold-endings-may `thovom`; join-across-roles.md#join-act-verbs `vaon`; spans.md#edge `o`; join-across-roles.md#join-relations `gaon / haon`,,,
190,important,,translate,,joins.md#full-single-item-and-standalone-inventories `zer`,,,
193,under,,translate,,hooks.md#place-indefinites `ol bar`; comparatives.md#full-comparative-arity `e / ue`; say-people-places.md#antecedent-was-an-adverb-h `/v/ / -r`; questions.md#why `thodom bar`,,,
196,bring,,translate,eboga 🛝 play (play); agavo 💳 lend (lend),sakes.md#emotion-compose `o` (via land); sakes.md#thanks-sorry `…thar` (via land); hooks.md#extra-noun `el` (via get); english.md#for `el / /b/` (via get),,,example only
200,move,,translate,abobe 🧑‍🦽 propel (propel); araha 🏃 run (run); uvude 👣 go (go); ewawe 🛞 motion (motion),roles.md#intermediate-translation-practice `vuvudel` (via go); hooks.md#deixis `vuvudel` (via go); roles.md#role-compounds `varahal` (via run); say-people-places.md#which-noun-with-resume-and-kinds `varahal` (via run),,,
204,area,,translate,oraba 🧑‍🚀 orbit (orbit); agu 🗾 country (country); evewu 🟩 field (field),roles.md#viewpoint-vs-landmark `/ɡ/ / /b/` (via region); roles.md#viewpoint-laterals `PoS` (via region); knowing.md#universality `zuam gagadal … thogol` (via domain),,,
205,provide,,translate,,say-tense.md#tense-practice `vadebal` (via leave); hooks.md#hook-compounds `vowogalul` (via leave); hooks.md#advanced-translation-practice `owogalul` (via leave); hooks.md#advanced-english-to-agazan `vowogalul` (via leave),,,
206,name,,translate,egehu 🔑 key (key),questions.md#beginner-translation-practice `egehul` (via key); questions.md#beginner-agazan-to-english `degehul` (via key); questions.md#intermediate-translation-practice `egehul` (via key); questions.md#intermediate-english-to-agazan `zegehul` (via key),,,
207,read,,translate,eleha 🧑‍🎓 learn (learn); eru ⏺️ record (record),knowing.md#evidentiality `therum` (via record); knowing.md#intermediate-translation-practice `therum` (via record); knowing.md#intermediate-english-to-agazan `therum` (via record); knowing.md#intermediate-agazan-to-english `therum` (via record),,,
210,large,,translate,elava 🐘 big (big); araga 🪨 heavy (heavy),say-questions.md#exclamations `gelavam` (via big); numbers.md#how-big `gelavam` (via big); comparatives.md#comparatives-e `gelavam` (via big); predication.md#existence `gelavam` (via big),,,
216,government,,triage,,,,,
217,word,,translate,ubuga 📖 book (book); unuze 📰 news (news),numbers.md#ordinals `zubugal` (via book); sakes.md#time-horizon-endings-on-met `zubugal` (via book); relations.md#exchange `dubugal` (via book); sakes.md#unmet-thu-detracts-from-the-sake `zubugal` (via book),,,
218,issue,,translate,ubuho 💥 consequence (consequence); uha 🐣 emergence (emergence); eweza ⬅️ return (return); aheho #️⃣ topic (topic),hooks.md#advanced-translation-practice `owogalual` (via exit); hooks.md#advanced-english-to-agazan `vowogalual` (via exit); hooks.md#advanced-agazan-to-english `vowogalual` (via exit); say-people-places.md#as-for `hahehom` (via topic),,,
221,build,,translate,aguza 👷 construct (construct); evevo 🖼️ frame (frame); ezada ➡️ progress (progress),predication.md#intermediate-translation-practice `evevol` (via frame); predication.md#intermediate-english-to-agazan `devevol` (via frame); predication.md#intermediate-agazan-to-english `zevevol` (via frame); roles.md#beginner-translation-practice `aguzal` (via construct),,,example only
222,hold,,translate,agadu 💂 guard (guard); ebeho 🐻 bear (bear); abaze 🚏 wait (wait); ababu 🛢️ reserve (reserve); alaga 🧳 carry (carry); agoha 👝 clutch (clutch); anaba 🎛️ control (control); ubuga 📖 book (book),dependents.md#stand-in-roles `vaon` (via agree); dependents.md#which-person-or-thing-who-that-which `zagadul` (via guard); say-people-places.md#which-noun-with-resume-and-kinds `zagadul` (via guard); predication.md#identity-same `zagadul` (via guard),,,
225,believe,,translate,evega 🤔 think (think); egeho 🦯 trust (trust),knowing.md#beginner-translation-practice `vevegal` (via think); knowing.md#beginner-english-to-agazan `vevegal` (via think); knowing.md#beginner-agazan-to-english `vevegal` (via think); say-tense.md#will-want `thumar` (via think),,,
230,increase,,translate,ezu 🌱 growth (growth); abavo ➕ addition (addition),numbers.md#special-number-as-verb-and-adverb `v+e`; numbers.md#number-as-verb-by-marker `ra`; numbers.md#number-as-interjection-by-marker `ra` (via addition),,,
233,result,,translate,ubuho 💥 consequence (consequence); egehu 🔑 solution (solution),say-amounts.md#numbered-alternatives-problem-solution-goal `zegehum` (via solution); say-tense.md#tense-practice `vadebal` (via leave); hooks.md#hook-compounds `vowogalul` (via leave); hooks.md#advanced-translation-practice `owogalul` (via leave),,,
236,happen,,translate,adaza 🎲 chance (chance); amega 🔍 find (find),say-reasons.md#emotion-stimulus-time `NOTIONAL`; knowing.md#phasal `huham`; questions.md#fill-ask `zar / var / xar`; causation.md#fault `theram`,,,
237,offer,,translate,uvude 👣 go (go),roles.md#intermediate-translation-practice `vuvudel` (via go); hooks.md#deixis `vuvudel` (via go); say-questions.md#set-standalone-under-question `…uom`; say-questions.md#rank-single-item-under-question `…uem`,,,
238,young,,translate,ahade 🧒 youth (youth),numbers.md#number-endings `g+3 / g+` (via new); dependents.md#orthography-and-prosody-periods `/y/` (via new); phonology.md#phonotactics-word-shape `Root(s) V(CV)+` (via new); numbers.md#number-as-discourse-marker-by-marker `ru` (via new),,,
239,close,,translate,alage 🔒 shut (shut); ogove ⚰️ end (end),say-reasons.md#phase-verbs `vevehal` (via finish); hooks.md#extra-noun-stacked-vowels-and-loose-m `om` (via near); hooks.md#deixis `om` (via near); spans.md#close-forms-complete-editorial-close-all `xuxur`,,,
241,lead,,translate,araha 🏃 run (run); ehada 🧑‍🦲 head (head); uvude 👣 go (go); aza ⭐ star (star); ewedu 🌬️ wind (wind); ehahe 🪑 chair (chair),sakes.md#beginner-translation-practice `ewedul` (via wind); sakes.md#beginner-english-to-agazan `zewedul` (via wind); numbers.md#advanced-translation-practice `azal` (via star); numbers.md#advanced-english-to-agazan `dazal` (via star),,,
242,buy,,translate,aregu 🦝 steal (steal),roles.md#bearer `varegum` (via steal); roles.md#intermediate-translation-practice `varegum` (via steal); roles.md#intermediate-agazan-to-english `varegum` (via steal),,,
243,understand,,translate,ahaha 👁️ see (see),numbers-applied.md#digit-strings `vahahal` (via see); say-people-places.md#as-for `vahahal` (via see); say-questions.md#echo `vahahal` (via see); say-people-places.md#which-noun-with-resume-and-kinds `vahahal` (via see),,,
245,far,,translate,,joins.md#standalone-phrase `zam`; joins.md#beginner-forms `zul / zum`; relations.md#locative-relations `hebevum / gebevum`; sakes.md#unmet-thu-detracts-from-the-sake `…thul`,,,
246,today,,translate,,say-tense.md#tense-jobs `thunem / hual`; relations.md#as-of `henem / genem / wenem` (via now); knowing.md#phasal `hewer` (via now); say-tense.md#must-should `yel` (via now),,,
248,student,,triage,,,,,
251,idea,,translate,ovo 💭 thought (thought),numbers.md#special-number-as-stance `th+e` (via estimate); relations.md#stance-as-of `thenem` (via thought); knowing.md#hold-endings-may `thovor` (via thought); hooks.md#hook-resume `ur` (via mind),,,
254,room,,translate,,numbers.md#how-many `g=_`; numbers.md#parts-of-speech-on-numbers `/ɡ/`; sakes.md#emotion-compose `zezebel wuduthuraor gobom`; numeric-derivation.md#label-code-sense `ROOTl_N`,,,
256,reason,,translate,ebehe 🧠 intellect (intellect); agudu 🟫 ground (ground),causation.md#cause `thegem` (via cause); say-reasons.md#reasons-causation-practice `thegem` (via cause); causation.md#make `thegem` (via cause); causation.md#intermediate-translation-practice `thegem` (via cause),,,
257,form,,translate,ahazo 🪻 spring (spring); adego 🌮 variety (variety); evevo 🖼️ frame (frame),predication.md#intermediate-translation-practice `evevol` (via frame); predication.md#intermediate-english-to-agazan `devevol` (via frame); predication.md#intermediate-agazan-to-english `zevevol` (via frame); clause.md#degree-w `habedum` (via kind),,,
262,level,,translate,obo ☝️ point (point); araze 🦏 charge (charge); abedu 📈 degree (degree),knowing.md#intermediate-translation-practice `thazom` (via story); knowing.md#intermediate-agazan-to-english `thazom` (via story); predication.md#classification-packaging `wabedum` (via degree); plurality.md#adjectives-g `zavahal gagegem`,,,
264,experience,,translate,ahaha 👁️ see (see),say-tense.md#progressive `thodum` (via live); say-reasons.md#residue-against-a-snapshot `thodum` (via live); knowing.md#evidence-clause `thodum` (via live); knowing.md#residue-and-former-climate `thodum` (via live),,,
265,once,,translate,,knowing.md#residue-and-former-climate `thunem` (via formerly); say-tense.md#used-to `thunem` (via formerly); say-reasons.md#residue-against-a-snapshot `thunem` (via formerly); intention.md#can-xa `thunem` (via formerly),,,
266,member,,translate,,joins.md#unspecified-member-r `zor / vor / xor`; restrictors.md#unspecified-member-r `har`; plurality.md#adjectives-g `zavabalx garagam`; numbers-applied.md#ordinal-generation-—-digitful-exponent-on `g#e-1`,,,
268,bad,,translate,elava 🐘 big (big),say-questions.md#exclamations `gelavam` (via big); numbers.md#how-big `gelavam` (via big); comparatives.md#comparatives-e `gelavam` (via big); predication.md#existence `gelavam` (via big),,,
269,city,,translate,,english.md#by `hagum / gagum / /b/`; english.md#of `gagum / /b/`,,,
274,line,,translate,aze 🦓 contrast (contrast); ebahu 🪂 descent (descent); onoda 🎵 note (note); onoda 🎵 melody (melody); uduha 🎶 tune (tune); ebeve 💼 business (business); ebeve 💼 job (job); abada 🩸 blood (blood),spans.md#beginner-translation-practice `onodal` (via melody); say-people-places.md#someones-act `gagum` (via origin); relations.md#of-relations `gagum` (via origin); relations.md#intermediate-agazan-to-english `gagum` (via origin),,,
276,side,,translate,aveza 🙂 face (face); ehahe 🪑 position (position); enaga 🏴󠁧󠁢󠁥󠁮󠁧󠁿 english (english),hooks.md#hook-resume `or …`; roles.md#viewpoint-vs-landmark `/ɡ/ / /b/`; roles.md#viewpoint-laterals `PoS`; numeric-derivation.md#quasi-n-e-1-e-2 `ROOTl-2`,,,
280,term,,translate,eveha 🏁 terminus (terminus),sakes.md#time-horizon-endings-on-met `gudutham`; sakes.md#beginner-english-to-agazan `gudutham`; sakes.md#motive-tho-time-horizon `thonathom`; sakes.md#attachment-sites `thonathom`,,,
283,low,,translate,amaza 🐁 small (small); ogoda 🥇 first (first); adahe ⏬ down (down); ubuha 🔵 blue (blue),clause.md#adjectives-ɡ `gubuhal` (via blue); clause.md#adjective-detail-w `gubuhal` (via blue); predication.md#beginner-translation-practice `ubuhal` (via blue); predication.md#beginner-english-to-agazan `gubuhal` (via blue),,,
284,speak,,translate,amava 👄 mouth (mouth),spans.md#intermediate-english-to-agazan `daxur`; spans.md#intermediate-agazan-to-english `zaxur`; say-people-places.md#arrow-roots-as-talk-moves `ewezam` (via talk); hooks.md#discourse-placements `HOOK LINKER BODY` (via talk),,,example only
285,within,,translate,,numbers-applied.md#ordinal-generation-—-digitful-exponent-on `g#-1e2`; sakes.md#emotion-compose `a` (via inside); predication.md#same-endings `zebezal gogal bazawan` (via inside); phonology.md#phonotactics-word-shape `x` (via inside),,,
286,process,,translate,oboze 📯 summons (summons),hooks.md#hook-compounds `vowogalel` (via serve); numeric-derivation.md#limit-polarity-stage-digitless `ROOTl-e-` (via treat); sakes.md#prescription-the-ought-this-act-for-this-sake `…them` (via serve); english.md#for `el / /b/` (via work),,,
287,public,,translate,,say-tense.md#future `bral` (via world),,,
290,possible,,translate,uge 🥚 potential (potential),knowing.md#hold-endings-notional `thovel`,,,
293,view,,translate,ovo 💭 thought (thought); ahaha 👁️ see (see); evewe 🎡 perspective (perspective); awaha ⌚ watch (watch); ehahe 🪑 position (position),numbers-applied.md#digit-strings `vahahal` (via see); say-people-places.md#as-for `vahahal` (via see); say-questions.md#echo `vahahal` (via see); say-people-places.md#which-noun-with-resume-and-kinds `vahahal` (via see),,,
295,consider,,translate,evega 🤔 think (think); ahaha 👁️ see (see),knowing.md#beginner-translation-practice `vevegal` (via think); knowing.md#beginner-english-to-agazan `vevegal` (via think); knowing.md#beginner-agazan-to-english `vevegal` (via think); say-tense.md#will-want `thumar` (via think),,,
296,price,,translate,adahu 💵 cost (cost),sakes.md#time-horizon-endings-on-met `gudutham` (via terms); sakes.md#beginner-english-to-agazan `gudutham` (via terms); sakes.md#motive-tho-time-horizon `thonathom` (via terms); sakes.md#attachment-sites `thonathom` (via terms),,,
298,hard,,translate,araga 🪨 heavy (heavy),say-amounts.md#amounts-comparing-practice `aragam` (via heavy); comparatives.md#intermediate-translation-practice `aragam` (via heavy); comparatives.md#intermediate-english-to-agazan `garagam` (via heavy); plurality.md#intermediate-translation-practice `aragam` (via heavy),,,example only
300,local,,triage,,,,,
304,product,,translate,ameva 🧑‍🏭 production (production),numeric-derivation.md#infinite-landmark-labels-e-e-1e `ROOTl_1e`; numeric-derivation.md#scalar-digit-morphs-n-n `ROOTl+6`; numeric-derivation.md#hyperbole-sense-1e-1e-1e `ROOTl_1e`,,,
305,lose,,translate,,numbers.md#special-number-as-interjection `y-e-` (via miss),,,
308,continue,,translate,,intention.md#endings-—-commitment `thudol` (via keep); dependents.md#orthography-and-prosody-periods `/x/` (via keep); intention.md#want-endings `thuhul` (via keep); numbers.md#digitless `ru / …-` (via keep),,,
310,whole,,translate,,spans.md#spoken-inventory `xuxul`; relations.md#of-relations `hozazom / gozazom`; spans.md#close-forms-complete-editorial-close-all `xuxul`; joins.md#standalone-phrase `A zal`,,,
312,rate,,translate,ebedo 🍱 order (order); ehezo 💎 value (value),joins.md#rank-e `zel` (via rank); restrictors.md#ranked-with-listed-occasions `hel` (via rank); joins.md#rank-joins `zael` (via rank); numbers.md#ordinal-rank-annihilated-0e `y#0e` (via rank),,,
314,expect,,translate,azahe 👀 look (look); ebeho 🐻 bear (bear); abaze 🚏 wait (wait); alaga 🧳 carry (carry),hooks.md#deixis `valagal` (via carry); sakes.md#requirement `themehor`; sakes.md#intermediate-agazan-to-english `themehor`; say-tense.md#must-should `themehor`,,,
315,effect,,translate,ubuho 💥 consequence (consequence); abahe 👊 force (force); ebeho 🐻 burden (burden),numeric-derivation.md#limit-polarity-stage-digitless `ROOTl+e` (via essence); english.md#about `~` (via gist); spans.md#exact-paraphrase-proper `~` (via gist); spans.md#endings `-m` (via gist),,,
316,sort,,translate,adego 🌮 variety (variety),clause.md#degree-w `habedum`; predication.md#classification-packaging `/w/ / /ɡ/`; word-endings.md#the-three-endings `azawal` (via kind); english.md#as `/ɡ/` (via kind),,,
317,ever,,translate,,restrictors.md#always-hual `hual` (via always); restrictors.md#on-the-following-adjective-w `wual` (via always); say-reasons.md#stacks-evidentiality-cause-habit `hual` (via always); say-tense.md#used-to `hual` (via always),,,
321,deal,,translate,ahada ✋ hand (hand); egehe 🫶 care (care); amada ⛰️ mountain (mountain),relations.md#of-relations `dahadal` (via hand); questions.md#rhetorical `vegehel` (via care); english.md#of `gabom / gaham / guwam / /b/` (via hand); numeric-derivation.md#scalar-digit-morphs-n-n `ROOTl+5` (via hand),,,
322,water,,translate,,joins.md#scope-islands-join `zowodel`; joins.md#rare-arities-and-edge-readings `zowodel`; joins.md#fence-nesting `zedehel zagavel zowodel zol`; word-endings.md#phrasal-proper-names-mid-word-x `zagavexedehen / zagavexedehexowoden`,,,
323,send,,translate,araze 🦏 charge (charge); ezede 🚉 station (station); eheba 🚢 ship (ship); erede 📻 broadcast (broadcast),say-people-places.md#antecedent-was-a-noun-z-d-or-b `veredem` (via broadcast); say-people-places.md#antecedent-was-a-verb-v `veredem` (via broadcast); say-people-places.md#antecedent-was-an-adjective-ɡ `veredem` (via broadcast); say-people-places.md#antecedent-was-an-adjective-extra-w `veredem` (via broadcast),,,
327,base,,translate,uvuda 🦶 foot (foot); azado 🧍 stand (stand); era 🧱 foundation (foundation); ahaza 🏠 home (home); agudu 🟫 ground (ground),clause.md#beginner-translation-practice `vazadol` (via stand); clause.md#beginner-english-to-agazan `vazadol` (via stand); dependents.md#beginner-translation-practice `vazadol` (via stand); clause.md#beginner-agazan-to-english `vazadol` (via stand),,,
329,suggest,,triage,,,,,
330,past,,translate,,dependents.md#dependent-clauses `hodal` (via by); hooks.md#extra-noun-stacked-vowels-and-loose-m `aem` (via by); hooks.md#intermediate-agazan-to-english `aem` (via by); say-tense.md#tense-jobs `as-of plus the same stance`,,,
332,test,,translate,araha 🏃 run (run),roles.md#role-compounds `varahal` (via run); say-people-places.md#which-noun-with-resume-and-kinds `varahal` (via run); joins.md#and-lists-a `varahal` (via run); dependents.md#dependent-clauses `varahal` (via run),,,
333,visit,,translate,ahaha 👁️ see (see),numbers-applied.md#digit-strings `vahahal` (via see); say-people-places.md#as-for `vahahal` (via see); say-questions.md#echo `vahahal` (via see); say-people-places.md#which-noun-with-resume-and-kinds `vahahal` (via see),,,
334,center,,translate,ahu ❤️ heart (heart); ahaha 👁️ eye (eye); emedo 🍖 meat (meat); emedo 🍖 substance (substance),numeric-derivation.md#limit-polarity-stage-digitless `ROOTl+e` (via essence); english.md#about `~` (via gist); spans.md#exact-paraphrase-proper `~` (via gist); spans.md#endings `-m` (via gist),,,
335,grow,,translate,avavo 🧑‍🌾 farm (farm); areve 🔄 turn (turn); abaha ⏫ rise (rise),numbers.md#number-as-verb-by-marker `ra`; hooks.md#extra-noun `el` (via get); english.md#for `el / /b/` (via get); predication.md#label-scope `thu` (via get),,,
338,mother,,translate,,hooks.md#extra-noun `el` (via get); english.md#for `el / /b/` (via get); predication.md#label-scope `thu` (via get),,,
340,matter,,translate,aheho #️⃣ topic (topic),say-people-places.md#as-for `hahehom` (via topic); pronouns.md#intermediate-translation-practice `hahehom` (via topic); pronouns.md#intermediate-english-to-agazan `hahehom` (via topic); pronouns.md#intermediate-agazan-to-english `hahehom` (via topic),,,
341,mind,,translate,ebehe 🧠 brain (brain); ebehe 🧠 intellect (intellect); ahaho 🧑‍⚖️ judgment (judgment); ehada 🧑‍🦲 head (head),hooks.md#hook-resume `ur`; say-questions.md#rank-standalone-under-question `…uem`; knowing.md#universality `thehol`; comparatives.md#full-comparative-arity `e / ue`,,,
345,stay,,translate,enaha 🛌 rest (rest); azada 🛑 stop (stop); eha ✅ check (check),say-reasons.md#phase-verbs `vazadal` (via stop); spans.md#beginner-translation-practice `vazadal` (via stop); sakes.md#thanks-sorry `…thal`; knowing.md#phasal `huhal`,,,
348,several,,translate,,joins.md#respectively `wazagum` (via respective); joins.md#intermediate-translation-practice `wazagum` (via respective); joins.md#intermediate-english-to-agazan `wazagum` (via respective),,,
349,light,,translate,azoba 🎇 sparkle (sparkle); uvudu 🪈 lightness (lightness); adahe ⏬ fall (fall),restrictors.md#intermediate-translation-practice `vadahel` (via fall); restrictors.md#intermediate-english-to-agazan `vadahel` (via fall); restrictors.md#intermediate-agazan-to-english `vadahel` (via fall); english.md#as `ue` (via fall),,,
350,develop,,translate,edeha 🚆 train (train); abaha ⏫ rise (rise),relations.md#locative-relations `bedehal` (via train); clause.md#intermediate-translation-practice `edehal` (via train); relations.md#intermediate-translation-practice `edehal` (via train); clause.md#intermediate-english-to-agazan `zedehal` (via train),,,
354,real,,translate,elava 🐘 very (very),relations.md#of-relations `guwam` (via material); relations.md#intermediate-translation-practice `guwam` (via material); relations.md#intermediate-english-to-agazan `guwam` (via material); relations.md#beginner `welavam` (via very),,,
355,answer,,translate,egehu 🔑 solution (solution),say-amounts.md#numbered-alternatives-problem-solution-goal `zegehum` (via solution); hooks.md#hook-compounds `vowogalel` (via serve); relations.md#social-relations `gagawum / /b/`; dependents.md#result-pole `hezadam` (via result),,,
357,figure,,translate,ahaha 👁️ see (see); evevo 🖼️ frame (frame); edazo 🔭 forecast (forecast),say-tense.md#future `thabem` (via pattern); say-reasons.md#plan-and-forecast-against-a-snapshot `thabem` (via pattern); knowing.md#forecast `thabem` (via pattern); knowing.md#residue-and-former-climate `thabem` (via pattern),,,
360,language,,translate,ezebe 💬 speech (speech),say-reasons.md#emotion-stimulus-time `zezebel` (via speech); sakes.md#emotion-compose `zezebel` (via speech); say-reasons.md#emotion-feeling-time `zezebel` (via speech); say-reasons.md#emotion-blame `zezebel` (via speech),,,
361,subject,,translate,arado 🥋 discipline (discipline); odo 🚪 open (open); aheho #️⃣ topic (topic); evewu 🟩 field (field),relations.md#of-relations `gaham` (via content); say-people-places.md#as-for `hahehom` (via topic); pronouns.md#intermediate-translation-practice `hahehom` (via topic); pronouns.md#intermediate-english-to-agazan `hahehom` (via topic),,,
362,class,,translate,avaha 👪 family (family); avawe 🎆 year (year); ozazo 🪚 division (division),hooks.md#including-am-al `zavahal` (via family); hooks.md#except-ul `zavahal` (via family); hooks.md#closed-and-open-endings `zavahal` (via family); hooks.md#extra-noun `bavahal` (via family),,,
363,development,,translate,ezu 🌱 growth (growth); abeba 🏴‍☠️ exploitation (exploitation),numbers.md#number-as-verb-by-marker `ra` (via growing),,,
364,town,,triage,,,,,
367,food,,triage,,,,,
368,break,,translate,uvude 👣 go (go); azada 🛑 stop (stop); agezo 🪓 severance (severance); obozu ⏸️ pause (pause); eha ✅ check (check),say-reasons.md#phase-verbs `vazadal` (via stop); spans.md#beginner-translation-practice `vazadal` (via stop); roles.md#intermediate-translation-practice `vuvudel` (via go); hooks.md#deixis `vuvudel` (via go),,,
369,clear,,translate,odo 🚪 open (open),join-across-roles.md#intermediate-agazan-to-english `gaon` (via open); speech-moves.md#speech-manner `thagazam`; comparatives.md#judgment-benchmarks-worse-than `zebeyum zeyen zuem gagazam`; numbers.md#special-number-as-verb-and-adverb `h+e-`,,,
370,future,,translate,,dependents.md#sentence-linkers `xevavel` (via next); dependents.md#intermediate-translation-practice `xevavel` (via next); dependents.md#intermediate-english-to-agazan `xevavel` (via next); restrictors.md#on-the-following-adjective-w `/w/` (via next),,,
374,remain,,translate,enaha 🛌 rest (rest),questions.md#fill-ask `zur / vur / xur`; sakes.md#thanks-sorry `…thal` (via stay); knowing.md#phasal `huhal` (via stay); join-across-roles.md#join-act-verbs `vuon` (via stay),,,
375,top,,translate,elevo 🕴️ elevation (elevation); adave 🗼 height (height); agawu 👑 crown (crown),say-amounts.md#measured-differentials `gadavem` (via height); say-questions.md#rank-single-item-under-question `…em`; comparatives.md#equatives-ae-shared-scale `ae / zael / zaem` (via height); comparatives.md#full-comparative-arity `e / ue` (via superlative),,,
377,win,,triage,,,,,
378,color,,triage,,,,,
379,involve,,translate,,say-people-places.md#antecedent-was-a-noun-z-d-or-b `/v/ / -r`; pronouns.md#cross-role-recast `/v/ / -r`; x-compounds.md#conversation-length `alahexon` (via ask); x-compounds.md#intermediate-english-to-agazan `ameguxon` (via ask),,,
382,period,,translate,obo ☝️ point (point); eheve 🪼 flow (flow); azada 🛑 stop (stop),say-reasons.md#phase-verbs `vazadal` (via stop); spans.md#beginner-translation-practice `vazadal` (via stop); dependents.md#orthography-and-prosody-periods `Stand-in hang`; joins.md#full-single-item-and-standalone-inventories `zel`,,,
385,history,,translate,,knowing.md#intermediate-translation-practice `thazom` (via story); knowing.md#intermediate-agazan-to-english `thazom` (via story); joins.md#standalone-phrase `A zal` (via story); numeric-derivation.md#limit-polarity-stage-digitless `ROOTl#e` (via story),,,
386,create,,translate,,causation.md#make `thegem / /b/` (via make),,,
387,drive,,translate,azewe 💦 effort (effort); abahe 👊 force (force); arehe 🏹 aim (aim),causation.md#cause `thegem` (via cause); say-reasons.md#reasons-causation-practice `thegem` (via cause); causation.md#make `thegem` (via cause); causation.md#intermediate-translation-practice `thegem` (via cause),,,
388,along,,translate,,relations.md#intermediate-english-to-agazan `aol` (via on); hooks.md#extra-noun-stacked-vowels-and-loose-m `aol` (via on); hooks.md#intermediate-english-to-agazan `aol` (via on); hooks.md#intermediate-agazan-to-english `aol` (via on),,,
389,type,,translate,,predication.md#classification-packaging `zazawan godogal hual`; numeric-derivation.md#limit-polarity-stage-digitless `ROOTl+e`; spans.md#endings `-r`; numbers.md#number-as-verb-by-marker `ro`,,,
390,sound,,translate,uvude 👣 go (go); araga 🪨 heavy (heavy); adeha 🔉 audio (audio); adeha 🔉 voice (voice); ovavo 📱 phone (phone),say-people-places.md#someones-act `dadehal` (via audio); questions.md#intermediate-translation-practice `ovavol` (via phone); questions.md#intermediate-agazan-to-english `dovavol` (via phone); roles.md#intermediate-translation-practice `vuvudel` (via go),,,
392,music,,translate,,plurality.md#intermediate-translation-practice `umuyul`; plurality.md#intermediate-english-to-agazan `zumuyulx`; plurality.md#intermediate-agazan-to-english `zumuyulx`,,,
393,game,,translate,abaga ↩️ back (back),hooks.md#hook-resume `or …` (via back); roles.md#intermediate-translation-practice `azaval` (via back); say-people-places.md#arrow-roots-as-talk-moves `ewezam` (via back); sakes.md#emotion-compose `ue` (via back),,,
394,political,,triage,,,,,
395,free,,translate,edeze 🏜️ barren (barren); obahe 🪠 unblock (unblock),numeric-derivation.md#quasi-n-e-1-e-2 `g-e-2`; joins.md#invert-ua-uo-ue `uo`; join-across-roles.md#join-act-verbs `vuon`; numeric-derivation.md#rank-annihilated-morph-0e `ROOTl#0e`,,,
396,receive,,translate,amega 🔍 find (find),hooks.md#extra-noun `el` (via get); english.md#for `el / /b/` (via get); predication.md#label-scope `thu` (via get); knowing.md#hold-endings-may `thovol` (via find),,,
397,moment,,translate,ubuho 💥 consequence (consequence); azade ⏱️ second (second); umunu 🕒 minute (minute),numbers.md#starter-examples `g#2` (via second); say-tense.md#tense-jobs `as-of plus the same stance`; say-tense.md#must-should `thenem / the`; numbers.md#from-the-end-—-end-relative-ordinal-marker-ue `y#-2` (via second),,,
398,sale,,triage,,,,,
401,body,,translate,,roles.md#intermediate-translation-practice `onoval`; knowing.md#evidentiality `thahum`; spans.md#type-vowels `e`; dependents.md#orthography-and-prosody-periods `.`,,,
404,general,,translate,,numeric-derivation.md#quasi-n-e-1-e-2 `ROOTl-e-`; say-people-places.md#arrow-roots-as-talk-moves `agabul`; comparatives.md#judgment-benchmarks-worse-than `zolon` (via universal); joins.md#join-type-vowel-series `ua` (via universal),,,
405,appear,,translate,azahe 👀 look (look),joins.md#full-single-item-and-standalone-inventories `zaem` (via look); phonology.md#phonotactics-word-shape `l / /ɡ/` (via look); relations.md#social-relations `gahazum / /b/` (via look),,,
407,team,,translate,,plurality.md#vocatives-y `-nx`; plurality.md#where-x-sits `/y/`; plurality.md#associative `-nx`; relations.md#social-relations `gahazum / /b/`,,,
408,easy,,translate,ezeho 🐌 slow (slow),comparatives.md#beginner-translation-practice `ezehom` (via slowly); comparatives.md#beginner-english-to-agazan `gezehom` (via slowly); comparatives.md#beginner-agazan-to-english `gezehom` (via slowly); comparatives.md#vague-amounts `hezehom` (via slowly),,,
409,individual,,translate,ebeza 🧑 person (person),joins.md#unspecified-member-r `zebezal` (via person); predication.md#intermediate-translation-practice `ebezal` (via person); predication.md#intermediate-english-to-agazan `zebezal` (via person); numbers-applied.md#kin-generations `bebezal` (via person),,,
410,full,,translate,,pronouns.md#resume-r `vezebar`; say-people-places.md#day-when `hazazar`; say-people-places.md#someones-act `dowogar`; pronouns.md#beginner-english-to-agazan `vugugar`,,,
412,sense,,translate,onoza 👃 smell (smell),numbers.md#beginner-translation-practice `vonozal` (via smell); numbers.md#beginner-english-to-agazan `vonozal` (via smell); numbers.md#beginner-agazan-to-english `vonozal` (via smell); x-compounds.md#words-you-look-up-not-build `…m…`,,,
413,perhaps,,translate,,joins.md#full-single-item-and-standalone-inventories `zum` (via possibly); joins.md#beginner-forms `zam` (via possibly); joins.md#join-type-vowel-series `-m` (via possibly); join-across-roles.md#clause-sequence `xaon` (via maybe),,,example only
414,add,,translate,agavo 💳 lend (lend),numbers.md#ordinal-umpteenth-umpteenth-first-re-ba∅-bu∅ `v+1e`; join-across-roles.md#clause-sequence `xan`; join-across-roles.md#join-act-verbs `van`; joins.md#invert-ua-uo-ue `ua`,,,
416,pass,,translate,ahada ✋ hand (hand); owoga 🚶 walk (walk); araha 🏃 run (run); ehada 🧑‍🦲 head (head); uvude 👣 go (go); agado 🐙 reach (reach); azebe 💸 spend (spend); eweza ⬅️ return (return),say-people-places.md#someones-act `vowogal` (via walk); plurality.md#associative `vowogal` (via walk); intention.md#plan `vowogal` (via walk); restrictors.md#only-when-never-hal `vowogal` (via walk),,,
417,produce,,translate,avavo 🧑‍🌾 farm (farm),numbers.md#number-as-verb-by-marker `ra` (via grow); hooks.md#extra-noun `el` (via get); english.md#for `el / /b/` (via get); predication.md#label-scope `thu` (via get),,,
418,sell,,triage,,,,,
421,law,,translate,abaza 👮 police (police),predication.md#beginner-translation-practice `abazal` (via police); predication.md#beginner-english-to-agazan `gabazal` (via police); predication.md#beginner-agazan-to-english `zabazal` (via police); sakes.md#requirement `themehol`,,,
425,paper,,translate,umuyu 🎼 composition (composition); unuze 📰 newspaper (newspaper),knowing.md#intermediate-translation-practice `unuzel` (via newspaper); knowing.md#intermediate-english-to-agazan `dunuzel` (via newspaper); hooks.md#intermediate-translation-practice `unuzel` (via newspaper); hooks.md#intermediate-english-to-agazan `zunuzel` (via newspaper),,,
428,human,,translate,amaha 👨 man (man),,,,
429,computer,,triage,,,,,
430,situation,,translate,oveza 🏢 office (office); ehahe 🪑 position (position),sakes.md#emotion-compose `ao`; plurality.md#associative `-mx`; say-people-places.md#people-handles-practice `ezuden` (via office); say-people-places.md#named-handles `zubugaxalahen` (via office),,,
431,staff,,triage,,,,,
434,morning,,translate,edebe 🌄 daybreak (daybreak); edebe 🌄 dawn (dawn); azaza 🌅 sunrise (sunrise),,,,
435,war,,triage,,,,,
436,account,,translate,odove 🏆 score (score),knowing.md#intermediate-translation-practice `thazom` (via story); knowing.md#intermediate-agazan-to-english `thazom` (via story); numbers.md#intermediate-translation-practice `odovem` (via score); numbers.md#intermediate-english-to-agazan `dodovem` (via score),,,example only
437,shop,,translate,arade 🐀 rat (rat),word-endings.md#phrasal-proper-names-mid-word-x `zagavexedehen / zagavexedehexowoden`,,,
438,major,,triage,,,,,
440,above,,translate,,numbers-applied.md#ranges `zrarel uel zraval`; say-amounts.md#unspecified-value-in-the-range-r `z+3 uer z+5`; comparatives.md#full-comparative-arity `e / ue`,,,
441,design,,translate,oboga 🧑‍💻 innovation (innovation); uma 🗺️ plan (plan); arehe 🏹 aim (aim),say-tense.md#future `thabem` (via pattern); say-reasons.md#plan-and-forecast-against-a-snapshot `thabem` (via pattern); knowing.md#forecast `thabem` (via pattern); knowing.md#residue-and-former-climate `thabem` (via pattern),,,
442,event,,translate,ubuho 💥 consequence (consequence),word-endings.md#intermediate-translation-practice `vamaban`; plurality.md#where-x-sits `/v/`; roles.md#the-extra-b-party-o `…axROOT…`; sakes.md#attachment-sites `th…tha…`,,,
443,special,,translate,,numbers.md#digitless-exponents `ba / bu`; roles.md#viewpoint-laterals `ANCHOR`; joins.md#full-single-item-and-standalone-inventories `zoel` (via particular); restrictors.md#sometimes-anytime-some-other-time `hor` (via particular),,,
445,condition,,translate,edeha 🚆 train (train); arado 🥋 discipline (discipline); eha ✅ check (check),relations.md#locative-relations `bedehal` (via train); clause.md#intermediate-translation-practice `edehal` (via train); relations.md#intermediate-translation-practice `edehal` (via train); clause.md#intermediate-english-to-agazan `zedehal` (via train),,,
448,father,,translate,,speech-moves.md#speech-act-statement-question-command `yul` (via don); speech-moves.md#speech-act `yul` (via don); say-questions.md#rank-standalone-under-question `…uem` (via don); questions.md#polar-stance `yuel / yuem` (via don),,,
450,table,,translate,,numbers.md#digitless-exponents `ba / bu`,,,
453,main,,translate,,joins.md#beginner-forms `zem`; joins.md#clause-joins `zazawan vowogal xel xur.`; hooks.md#hook-resume `or …`; joins.md#full-single-item-and-standalone-inventories `zuem`,,,
454,die,,translate,uvude 👣 go (go); adaza 🎲 dice (dice),roles.md#intermediate-translation-practice `vuvudel` (via go); hooks.md#deixis `vuvudel` (via go); hooks.md#advanced-translation-practice `owogalual` (via exit); hooks.md#advanced-english-to-agazan `vowogalual` (via exit),,,
456,cut,,translate,enega ⏭️ skip (skip),relations.md#of-relations `hozazom / gozazom`; spans.md#close-forms-complete-editorial-close-all `xuxur`; sakes.md#consent `thuxegal` (via contract); say-questions.md#set-standalone-under-question `…om` (via skip),,,
457,describe,,translate,egehu 🔑 key (key),questions.md#beginner-translation-practice `egehul` (via key); questions.md#beginner-agazan-to-english `degehul` (via key); questions.md#intermediate-translation-practice `egehul` (via key); questions.md#intermediate-english-to-agazan `zegehul` (via key),,,
458,himself,,triage,,,,,
459,available,,triage,,,,,
460,especially,,translate,,joins.md#full-single-item-and-standalone-inventories `zoel` (via particularly); restrictors.md#sometimes-anytime-some-other-time `hor` (via particularly); numbers.md#digitless-exponents `ba / bu` (via specially); roles.md#viewpoint-laterals `ANCHOR` (via specially),,,
461,strong,,translate,,say-reasons.md#epistemic-because `thevel`; say-reasons.md#emotion-stimulus-time `therul`; knowing.md#evidence-strength `thunol`; knowing.md#forecast `therul`,,,
467,particular,,translate,,joins.md#full-single-item-and-standalone-inventories `zoel`; restrictors.md#sometimes-anytime-some-other-time `hor`; intention.md#endings-—-map-resolution `thumar` (via detail); sakes.md#attachment-sites `/w/ / /ɡ/` (via detail),,,
468,role,,translate,oveza 🏢 office (office),relations.md#of-relations `gabom` (via part); pronouns.md#cross-role-recast `-r`; english.md#as `/ɡ/`; comparatives.md#judgment-benchmarks-worse-than `zegun`,,,
469,join,,translate,ewede 💒 union (union); elege 🔗 link (link),joins.md#join-type-vowel-series `a`; spans.md#scope-islands `Join inside`; word-endings.md#continue-x-overview `clause join + -n`; joins.md#standalone-phrase `zam`,,,
470,difficult,,triage,,,,,
472,detail,,translate,obo ☝️ point (point),intention.md#endings-—-map-resolution `thumar`; sakes.md#attachment-sites `/w/ / /ɡ/`; clause.md#role-letters `/w/`; joins.md#standalone-phrase `A B zam` (via item),,,
473,difference,,translate,adeba 🛫 departure (departure); uduhe ⚔️ conflict (conflict),knowing.md#may `vadebal` (via departure); say-reasons.md#factivity-if-vs-because `vadebal` (via departure); knowing.md#beginner-translation-practice `vadebal` (via departure); say-reasons.md#remote-unreal `vadebal` (via departure),,,
474,action,,translate,ozege 👟 activity (activity),clause.md#role-letters `/v/`; word-endings.md#intermediate-translation-practice `vazehen`; english.md#by `/z/`; say-people-places.md#antecedent-was-a-verb-v `/v/ / -r`,,,
477,step,,translate,,intention.md#endings-—-map-resolution `thumam`; numbers.md#marker-vowel-referential-identity `-` (via measure); numeric-derivation.md#scalar-digit-morphs-n-n `ROOTl+1` (via measure); roles.md#goal-source-path `doexuvudel` (via footprint),,,
480,themselves,,triage,,,,,example only
481,draw,,translate,abahe 👊 force (force); araha 🏃 run (run); evedu 🧵 thread (thread); uhuga 🪝 hook (hook); amagu 🧲 attraction (attraction),roles.md#role-compounds `varahal` (via run); say-people-places.md#which-noun-with-resume-and-kinds `varahal` (via run); joins.md#and-lists-a `varahal` (via run); dependents.md#dependent-clauses `varahal` (via run),,,
483,date,,translate,ahaha 👁️ see (see),numbers-applied.md#digit-strings `vahahal` (via see); say-people-places.md#as-for `vahahal` (via see); say-questions.md#echo `vahahal` (via see); say-people-places.md#which-noun-with-resume-and-kinds `vahahal` (via see),,,
484,practice,,translate,,say-tense.md#future `thabem` (via pattern); say-reasons.md#plan-and-forecast-against-a-snapshot `thabem` (via pattern); knowing.md#forecast `thabem` (via pattern); knowing.md#residue-and-former-climate `thabem` (via pattern),,,
485,model,,translate,ebude 🧫 exemplar (exemplar); ehahe 🪑 sit (sit),say-tense.md#future `thabem` (via pattern); say-reasons.md#plan-and-forecast-against-a-snapshot `thabem` (via pattern); knowing.md#forecast `thabem` (via pattern); knowing.md#residue-and-former-climate `thabem` (via pattern),,,
486,raise,,translate,avavo 🧑‍🌾 farm (farm); agehe 🧙 conjure (conjure); agawo 🧗 climb (climb); eleva 🏋️ lift (lift); eneza 🪺 nurture (nurture); avahe 🔥 fire (fire); elave 🛗 ascent (ascent); abaha ⏫ rise (rise),comparatives.md#intermediate-translation-practice `veleval` (via lift); comparatives.md#intermediate-english-to-agazan `veleval` (via lift); comparatives.md#intermediate-agazan-to-english `veleval` (via lift); restrictors.md#intermediate-translation-practice `vagawol` (via climb),,,
487,customer,,triage,,,,,
489,explain,,triage,,,,,
493,economic,,triage,,,,,
495,approach,,translate,anaga 🔓 access (access),hooks.md#extra-noun-stacked-vowels-and-loose-m `om` (via near); hooks.md#deixis `om` (via near); say-people-places.md#arrow-roots-as-talk-moves `ewezam` (via coming); intention.md#want-endings `thuhul` (via coming),,,
496,teacher,,translate,,roles.md#the-extra-b-party-o `…axROOT…`; x-compounds.md#two-roots-one-word `a / e / u / o / x`; x-compounds.md#families-by-shape `a / e / u / o / x`; knowing.md#universality `zual gaxedehol vedehol thazal`,,,
497,land,,translate,agu 🗾 country (country); adahe ⏬ down (down); agudu 🟫 ground (ground),dependents.md#stand-in-roles `varn` (via state); roles.md#viewpoint-vs-landmark `hadahel` (via down); roles.md#intermediate-english-to-agazan `hadahel` (via down); roles.md#intermediate-agazan-to-english `hadahel` (via down),,,
500,sign,,translate,ahaza 🏠 house (house); ezego 📶 signal (signal),relations.md#beginner `zahazal` (via house); sakes.md#time-horizon-endings-on-met `zahazal` (via house); hooks.md#extra-noun `bahazal` (via house); relations.md#locative-relations `bahazal` (via house),,,
503,travel,,translate,uvude 👣 go (go),roles.md#intermediate-translation-practice `vuvudel` (via go); hooks.md#deixis `vuvudel` (via go); roles.md#goal-source-path `…oexROOT…` (via go); sakes.md#prescription-the-ought-this-act-for-this-sake `…thel` (via move),,,
504,enjoy,,translate,egeva 😀 delight (delight); alava 🥰 love (love),numeric-derivation.md#numeric-derivation `zalavalrabal` (via love); x-compounds.md#two-roots-one-word `gagayaxalaval` (via love); x-compounds.md#ordinary-compound-order `gagayaxalaval` (via love); numeric-derivation.md#limit-polarity-stage-digitless `ROOTl+e-` (via love),,,
506,nice,,triage,,,,,
508,improve,,translate,,hooks.md#except-ul `e` (via better),,,
509,picture,,translate,ahaha 👁️ see (see); ezowe 🩱 exposure (exposure); evave 🎞️ film (film),numbers-applied.md#digit-strings `vahahal` (via see); say-people-places.md#as-for `vahahal` (via see); say-questions.md#echo `vahahal` (via see); say-people-places.md#which-noun-with-resume-and-kinds `vahahal` (via see),,,
513,happy,,triage,,,,,
515,act,,translate,ahe 🐹 routine (routine); eboga 🛝 play (play); areve 🔄 turn (turn),clause.md#role-letters `/z/`; plurality.md#where-x-sits `/v/`; say-people-places.md#antecedent-was-an-adverb-h `/v/ / -r`; spans.md#pos `/v/`,,,
516,range,,translate,oraba 🧑‍🚀 orbit (orbit); araha 🏃 run (run); azawa 🦢 swan (swan); agado 🐙 reach (reach); ebedo 🍱 order (order); agu 🗾 scope (scope); agabu 🧭 compass (compass),word-endings.md#concrete-l `azawal` (via swan); roles.md#role-compounds `varahal` (via run); say-people-places.md#which-noun-with-resume-and-kinds `varahal` (via run); joins.md#and-lists-a `varahal` (via run),,,
517,quality,,translate,aba 🗳️ choice (choice),pronouns.md#cross-role-recast `-r`; comparatives.md#equatives-ae-shared-scale `e / zel`; intention.md#can-t-xe-xo-xu `xa`; say-people-places.md#antecedent-was-an-adjective-ɡ `/z/ / /d/ / /b/ / -r`,,,
518,project,,translate,ahaha 👁️ see (see); uma 🗺️ plan (plan); ebuhe 📽️ projection (projection); ubuve 🪃 throw (throw),numbers-applied.md#digit-strings `vahahal` (via see); say-people-places.md#as-for `vahahal` (via see); say-questions.md#echo `vahahal` (via see); say-people-places.md#which-noun-with-resume-and-kinds `vahahal` (via see),,,
519,round,,translate,odoha 🧌 troll (troll); adavo 🥁 rhythm (rhythm); eredu 🔃 cycle (cycle); areve 🔄 turn (turn); obode 🇵🇱 polish (polish),join-across-roles.md#vp-clause-forms `hegozem` (via around); relations.md#locative-relations `hegozem` (via around); relations.md#intermediate-translation-practice `hegozem` (via around); relations.md#intermediate-english-to-agazan `hegozem` (via around),,,
523,list,,translate,ehewo 👠 heel (heel),restrictors.md#listed-occasions-open `hual / huam`; joins.md#invert-ua-uo-ue `ua`; joins.md#join-type-vowel-series `u`; restrictors.md#unspecified-member-r `har`,,,
526,wear,,translate,abeye 🫩 fatigue (fatigue); eweve 😩 weary (weary); ebeho 🐻 bear (bear),numeric-derivation.md#label-code-sense `ROOTl_` (via bear); speech-moves.md#speech-act-statement-question-command `yul` (via don); speech-moves.md#speech-act `yul` (via don); say-questions.md#rank-standalone-under-question `…uem` (via don),,,
527,fund,,translate,,say-questions.md#rank-standalone-under-question `…aen` (via stock); say-questions.md#set-standalone-under-question `…un` (via stock); joins.md#full-single-item-and-standalone-inventories `zun` (via stock); joins.md#rare-arities-and-edge-readings `…aen / …en / …an standalone` (via stock),,,
529,kid,,translate,adeze 😜 banter (banter); ahade 🧒 child (child),numbers-applied.md#kin-generations `zahadel` (via child); plurality.md#vocatives-y `-lx`,,,
532,measure,,translate,ehezo 💎 value (value); uruha 📏 measurement (measurement); ezeze 📐 meter (meter),comparatives.md#amount-scale `gral` (via amount); comparatives.md#vague-amounts `gral` (via amount); comparatives.md#sake-benchmarks `gral` (via amount); say-amounts.md#measured-differentials `bezezem` (via meter),,,
533,kill,,translate,adahe ⏬ down (down),roles.md#viewpoint-vs-landmark `hadahel` (via down); roles.md#intermediate-english-to-agazan `hadahel` (via down); roles.md#intermediate-agazan-to-english `hadahel` (via down); roles.md#intermediate-translation-practice `adahel` (via down),,,
537,national,,translate,ahaza 🏠 home (home),clause.md#role-letters `/z/` (via subject); clause.md#word-order-emphasis `zazawan dagadal vahahal.` (via subject); numbers.md#ordinal-rank-annihilated-0e `z#0e / d#0e / b#0e` (via subject); numbers-applied.md#measure-phrases `zazadem g+3 / dababam g+5` (via subject),,,
538,itself,,triage,,,,,example only
542,air,,translate,onoda 🎵 melody (melody); uduha 🎶 tune (tune); erede 📻 broadcast (broadcast),spans.md#beginner-translation-practice `onodal` (via melody); say-people-places.md#antecedent-was-a-noun-z-d-or-b `veredem` (via broadcast); say-people-places.md#antecedent-was-a-verb-v `veredem` (via broadcast); say-people-places.md#antecedent-was-an-adjective-ɡ `veredem` (via broadcast),,,
543,benefit,,triage,,,,,
544,trade,,translate,ageva 🧑‍🎨 craft (craft),predication.md#intermediate-translation-practice `ageval` (via craft); predication.md#intermediate-english-to-agazan `gageval` (via craft); predication.md#intermediate-agazan-to-english `gageval` (via craft); english.md#for `hogem / /b/` (via swap),,,example only
547,standard,,translate,,comparatives.md#vague-amounts `zomen`; comparatives.md#advanced-translation-practice `omen`; comparatives.md#advanced-english-to-agazan `zomen`; comparatives.md#advanced-agazan-to-english `zomen`,,,
548,vote,,translate,aba 🗳️ ballot (ballot),,,,
550,focus,,translate,agabu 🧭 direction (direction),numbers-applied.md#ordinal-generation-—-digitful-exponent-on `g#3`; hooks.md#extra-noun-stacked-vowels-and-loose-m `oel` (via direction); say-people-places.md#arrow-roots-as-talk-moves `agabul` (via direction); sakes.md#sake-inventory `aba` (via direction),,,
551,stage,,translate,obo ☝️ point (point); elega 🦵 leg (leg); ebezo 🎁 present (present); abedu 📈 degree (degree),predication.md#classification-packaging `wabedum` (via degree); sakes.md#time-horizon-endings-on-met `zebezol` (via present); say-people-places.md#antecedent-was-an-adjective-ɡ `/w/ / -r` (via degree); english.md#as `ae` (via degree),,,
552,space,,translate,awaze ⬜ blank (blank),numeric-derivation.md#infinite-landmark-labels-e-e-1e `ROOTl_e`; numeric-derivation.md#scalar-digit-morphs-n-n `ROOTl+4` (via quad); numbers.md#how-many `brer` (via place); numbers.md#advanced-agazan-to-english `yrebal` (via place),,,
554,realize,,translate,ahaha 👁️ see (see),numbers-applied.md#digit-strings `vahahal` (via see); say-people-places.md#as-for `vahahal` (via see); say-questions.md#echo `vahahal` (via see); say-people-places.md#which-noun-with-resume-and-kinds `vahahal` (via see),,,
556,data,,translate,eneve ℹ️ information (information),,,,
557,single,,translate,,say-tense.md#future `grawol` (via one); say-amounts.md#pole-from-now `grawol` (via one); numbers-applied.md#intermediate-agazan-to-english `grawol` (via one); knowing.md#dated-channel `grawol` (via one),,,
558,address,,translate,ezebe 💬 speech (speech),say-reasons.md#emotion-stimulus-time `zezebel` (via speech); sakes.md#emotion-compose `zezebel` (via speech); say-reasons.md#emotion-feeling-time `zezebel` (via speech); say-reasons.md#emotion-blame `zezebel` (via speech),,,
561,accept,,translate,ebeho 🐻 bear (bear),sakes.md#consent `thuxegam` (via consent); sakes.md#intermediate-english-to-agazan `thuxegar` (via consent); sakes.md#intermediate-agazan-to-english `thuxegam` (via consent); numbers.md#ordinal-rank-annihilated-0e `v#0e` (via take),,,
562,society,,translate,emeze 🤶 companionship (companionship); ebedo 🍱 order (order); emeda 🧉 fellowship (fellowship),relations.md#social-relations `gemezem` (via companionship); say-amounts.md#sequence-scale `zoel` (via order); join-across-roles.md#vp-clause-forms `voel` (via order); say-people-places.md#stacked-owners `boel` (via order),,,
563,technology,,translate,,numbers.md#zero-exponent-referential `g-0e-1` (via engineering); numeric-derivation.md#zero-×-exponent-0e-±0e-1 `ROOTl-0e-1` (via engineering),,,
564,mention,,translate,eweva 👋 acknowledgment (acknowledgment); onoda 🎵 note (note); agavo 💳 credit (credit),spans.md#resume `d[=]` (via cite); spans.md#mention `z{odoga}`; spans.md#beginner-english-to-agazan `z{onoda}`; spans.md#beginner-agazan-to-english `d{onoda}`,,,
568,culture,,translate,avavo 🧑‍🌾 cultivation (cultivation); awahe 🍷 refinement (refinement); obode 🇵🇱 polish (polish),say-reasons.md#phase-verbs `vevehal` (via finish); join-across-roles.md#intermediate-translation-practice `devehal` (via finish); join-across-roles.md#intermediate-english-to-agazan `zevehal` (via finish); join-across-roles.md#intermediate-agazan-to-english `zevehal` (via finish),,,
569,total,,translate,,comparatives.md#amount-scale `gral` (via amount); comparatives.md#vague-amounts `gral` (via amount); comparatives.md#sake-benchmarks `gral` (via amount); numbers.md#zero-exponent-number-as-verb-and-adverb `v-0e`,,,
572,limit,,translate,onoho 🚷 boundary (boundary),restrictors.md#on-the-following-adjective-w `/h/`; numbers.md#special-number-as-verb-and-adverb `v+e` (via bound); numbers.md#stacked-markers `+-` (via bound); say-questions.md#set-standalone-under-question `…aol` (via set),,,
574,due,,triage,,,,,
575,wrong,,triage,,,,,example only
579,upon,,triage,,,,,
581,complete,,translate,oboza 📮 dispatch (dispatch),say-reasons.md#phase-verbs `vevehal` (via finish); hooks.md#intermediate-english-to-agazan `aom` (via over); numbers.md#advanced-translation-practice `azal` (via staring); numbers.md#advanced-agazan-to-english `zazal` (via staring),,,
584,reduce,,translate,,relations.md#of-relations `hozazom / gozazom` (via cut); spans.md#close-forms-complete-editorial-close-all `xuxur` (via cut); numbers.md#number-as-verb-by-marker `ru` (via shrink); sakes.md#consent `thuxegal` (via contract),,,
585,personal,,translate,,comparatives.md#judgment-benchmarks-worse-than `zazawan zomen zuel gezebul`,,,
587,animal,,triage,,,,,
588,arrive,,translate,,hooks.md#extra-noun `el` (via get); english.md#for `el / /b/` (via get); predication.md#label-scope `thu` (via get); numbers.md#special-number-as-verb-and-adverb `v#e` (via come),,,example only
589,patient,,translate,,say-people-places.md#free-relative-what `duxaradar`; roles.md#beginner-english-to-agazan `zuxahahar`; roles.md#beginner-agazan-to-english `zuxahahar`; english.md#of `gahazum / /b/`,,,
590,current,,translate,eheve 🪼 flow (flow),plurality.md#vocatives-y `yehodonx`; numbers-applied.md#ordinal-generation-—-digitful-exponent-on `g#3e0`; knowing.md#residue-and-former-climate `thamom`; plurality.md#person-role-x `ehodonx`,,,
591,century,,translate,ahadu 💯 hundred (hundred),numbers-applied.md#percent-and-percentage-points `yo` (via 100); numbers.md#number-as-stance-by-marker `ra` (via 100); hooks.md#parallel-chains `A al B al C` (via c); joins.md#invert-ua-uo-ue `ue` (via c),,,
593,exist,,translate,,say-tense.md#progressive `thodum` (via live); say-reasons.md#residue-against-a-snapshot `thodum` (via live); knowing.md#evidentiality `thodum` (via live); knowing.md#evidence-clause `thodum` (via live),,,
594,similar,,translate,,relations.md#beginner `homem` (via like); clause.md#extra-nouns `homem` (via like); say-people-places.md#different `gomem` (via like); relations.md#beginner-translation-practice `homem` (via like),,,
596,leader,,triage,,,,,
597,fine,,translate,ogeha 👌 ok (ok); edega 🎫 ticket (ticket),clause.md#intermediate-translation-practice `edegal` (via ticket); clause.md#intermediate-english-to-agazan `dedegal` (via ticket); clause.md#intermediate-agazan-to-english `dedegal` (via ticket); say-people-places.md#people-as-for-practice `edegal` (via ticket),,,
598,street,,triage,,,,,
601,particularly,,translate,,joins.md#full-single-item-and-standalone-inventories `zoel`; restrictors.md#sometimes-anytime-some-other-time `hor`; numbers.md#digitless-exponents `ba / bu` (via specially); roles.md#viewpoint-laterals `ANCHOR` (via specially),,,
602,wife,,triage,,,,,
604,prepare,,translate,uguga 🧑‍🍳 cook (cook); edeha 🚆 train (train),relations.md#locative-relations `bedehal` (via train); clause.md#intermediate-translation-practice `edehal` (via train); relations.md#intermediate-translation-practice `edehal` (via train); clause.md#intermediate-english-to-agazan `zedehal` (via train),,,
605,discuss,,translate,ezebe 💬 discourse (discourse),numbers.md#number-as-discourse-marker-by-marker `ro` (via discourse); say-reasons.md#english-cues `xezadam` (via discourse); say-people-places.md#antecedent-was-a-noun-z-d-or-b `/x/ / -r` (via discourse); say-people-places.md#antecedent-was-y-or-x `/x/ / -r` (via discourse),,,
606,response,,translate,emebe 📫 reception (reception),relations.md#social-relations `gagawum / /b/` (via answer),,,
608,piece,,translate,amaha 👨 man (man); umuyu 🎼 composition (composition); ebega ⛏️ pick (pick),dependents.md#dependent-clauses `hehum` (via while); relations.md#of-relations `habom / gabom`; clause.md#role-letters `/b/`; clause.md#degree-w `wamazam` (via bit),,,
611,apply,,translate,,questions.md#polar-stance-fuller-inventory `ua / yual`; word-endings.md#proper-name--n `/ɡ/`; english.md#of `em / /b/` (via use); say-people-places.md#antecedent-was-a-verb-v `/z/ / /d/ / /b/ / -r` (via use),,,
612,president,,translate,ehahe 🪑 chair (chair),word-endings.md#beginner-translation-practice `ehahel` (via chair); word-endings.md#beginner-english-to-agazan `ehahel` (via chair); relations.md#intermediate-translation-practice `ehahel` (via chair); relations.md#intermediate-english-to-agazan `behahel` (via chair),,,
614,compare,,triage,,,,,
617,store,,translate,aha 🫙 storage (storage); uno 🎣 memory (memory),knowing.md#live-vs-memory `thunom` (via memory); knowing.md#evidentiality `thunom` (via memory); numeric-derivation.md#zero-×-exponent-0e-±0e-1 `ROOTl-0e-` (via memory); word-endings.md#phrasal-proper-names-mid-word-x `zagavexedehen / zagavexedehexowoden` (via shop),,,
618,poor,,translate,,english.md#as `ue` (via short); numbers.md#special-number-as-verb-and-adverb `h~-e-` (via short); say-tense.md#tense-jobs `brabul / brabum` (via short); numbers.md#special-referential `g-e-` (via short),,,
621,arm,,triage,,,,,
623,source,,translate,adaba 💧 beginning (beginning),say-people-places.md#someones-act `gagum` (via origin); relations.md#intermediate-agazan-to-english `gagum` (via origin); roles.md#goal-source-path `duaxoboher`; hooks.md#extra-noun `ul`,,,
624,employee,,triage,,,,,
625,manage,,translate,egehe 🫶 care (care),questions.md#rhetorical `vegehel` (via care); say-people-places.md#people-handles-practice `ezuden` (via handle); say-people-places.md#named-handles `zubugan` (via handle); english.md#of `gahazum / /b/` (via care),,,
626,simply,,translate,,dependents.md#sentence-linkers `xagozal` (via but); joins.md#standalone-phrase `A zal` (via just); say-tense.md#tense-jobs `bare verb (this stretch)` (via just); say-questions.md#set-single-item-under-question `…al` (via just),,,
628,firm,,translate,ahaza 🏠 house (house),relations.md#beginner `zahazal` (via house); sakes.md#time-horizon-endings-on-met `zahazal` (via house); hooks.md#extra-noun `bahazal` (via house); relations.md#locative-relations `bahazal` (via house),,,
629,cell,,triage,,,,,
630,article,,translate,,dependents.md#stand-in `derl` (via clause); dependents.md#intermediate-translation-practice `derl` (via clause); dependents.md#intermediate-agazan-to-english `derl` (via clause); knowing.md#evidence-clause `barl` (via clause),,,
631,fast,,translate,,speech-moves.md#speech-act `yul` (via firm); dependents.md#orthography-and-prosody-periods `/y/` (via firm),,,example only
632,attack,,translate,avahe 🔥 fire (fire),join-across-roles.md#vp-clause-forms `bavahel` (via fire); causation.md#beginner-translation-practice `avahel` (via fire); numbers.md#beginner-translation-practice `avahel` (via fire); causation.md#beginner-english-to-agazan `bavahel` (via fire),,,
633,foreign,,translate,eleho 👽 alien (alien),spans.md#type-vowels `u`,,,
635,feature,,translate,ozobo 🚩 sport (sport),say-tense.md#must-should `thenem / the` (via have); say-tense.md#tense-jobs `thover` (via have); x-compounds.md#families-by-shape `x / a / o / e / u` (via have),,,
636,factor,,translate,,numbers.md#number-as-adverb-by-marker `ra`; knowing.md#advanced-translation-practice `gaxedehol` (via agent); roles.md#role-compounds `zaxedehol` (via agent); roles.md#this-instance-r `zaxehaher` (via agent),,,
637,pretty,,translate,,comparatives.md#judgment-benchmarks-worse-than `zebeyum zeyen zuem gagazam` (via somewhat); clause.md#degree-w `wadeham` (via fairly),,,
638,recently,,translate,,spans.md#endings `-r`; roles.md#endings-and-resume `-r`; comparatives.md#vague-amounts `zahen / bral / zel / zuel` (via late); numbers.md#ordinal-umpteenth-umpteenth-first-re-ba∅-bu∅ `y#1e` (via late),,,
639,affect,,translate,,sakes.md#consent `thuxerem`; sakes.md#unmet-thu-detracts-from-the-sake `…thur` (via impact); sakes.md#prescription-the-ought-this-act-for-this-sake `…thel` (via move); english.md#about `hahehom / /b/` (via regard),,,
640,drop,,translate,aneve 🫥 neglect (neglect); arahe 🙄 dismiss (dismiss); azebe 💸 spend (spend); ubuve 🪃 throw (throw); adahe ⏬ fall (fall),restrictors.md#intermediate-translation-practice `vadahel` (via fall); restrictors.md#intermediate-english-to-agazan `vadahel` (via fall); restrictors.md#intermediate-agazan-to-english `vadahel` (via fall); hooks.md#hook-resume `ur …`,,,
641,recent,,translate,,spans.md#endings `-r`; roles.md#endings-and-resume `-r`; comparatives.md#vague-amounts `zahen / bral / zel / zuel` (via late); numbers.md#ordinal-umpteenth-umpteenth-first-re-ba∅-bu∅ `y#1e` (via late),,,
642,relate,,translate,eweda 😟 concern (concern); elege 🔗 link (link),numbers.md#number-as-discourse-marker-by-marker `ra`; sakes.md#speaker-attitude `thewedam` (via concern); predication.md#label-scope `tho` (via concern); numbers.md#special-number-as-verb-and-adverb `v#e` (via come to),,,
643,official,,translate,,numbers.md#number-endings `@ / g@#2`; word-endings.md#proper-name--n `/h/`,,,
644,financial,,triage,,,,,
645,miss,,translate,aneve 🫥 neglect (neglect); egeha 👧 girl (girl); abahu 🌴 escape (escape),numbers.md#special-number-as-interjection `y-e-`; hooks.md#hook-resume `ur …` (via drop),,,
646,art,,translate,ebuda 🖌️ artistry (artistry),comparatives.md#advanced-translation-practice `ebudam` (via artistry); comparatives.md#advanced-english-to-agazan `gebudam` (via artistry); comparatives.md#advanced-agazan-to-english `gebudam` (via artistry); word-endings.md#proper-name--n `/ɡ/`,,,
647,campaign,,translate,avada 🫯 fight (fight); azewe 💦 effort (effort); araha 🏃 run (run),causation.md#cause `thegem` (via cause); say-reasons.md#reasons-causation-practice `thegem` (via cause); causation.md#make `thegem` (via cause); causation.md#intermediate-translation-practice `thegem` (via cause),,,
648,private,,translate,ezege 🤐 secret (secret),pronouns.md#special-pronouns `onun` (via individual),,,
651,forget,,translate,,say-tense.md#tense-practice `vadebal` (via leave); hooks.md#hook-compounds `vowogalul` (via leave); hooks.md#advanced-translation-practice `owogalul` (via leave); hooks.md#advanced-english-to-agazan `vowogalul` (via leave),,,
656,opinion,,translate,ovo 💭 thought (thought); ahaho 🧑‍⚖️ judgment (judgment),knowing.md#universality `… hal … thebel bazogel` (via ruling); numbers.md#special-number-as-stance `th+0e` (via ruling); intention.md#endings-—-commitment `thudol` (via ruling); roles.md#endings-and-resume `-r` (via ruling),,,
658,represent,,translate,uma 🗺️ map (map); eboga 🛝 play (play); ebezo 🎁 present (present),sakes.md#time-horizon-endings-on-met `zebezol` (via present); roles.md#endings-and-resume `gewezal` (via map); restrictors.md#on-the-following-adjective-w `/w/` (via map); clause.md#role-letters `/z/` (via act),,,
660,inside,,translate,,sakes.md#emotion-compose `a`; predication.md#same-endings `zebezal gogal bazawan`; phonology.md#phonotactics-word-shape `x`; plurality.md#where-x-sits `inner words of a non-opaque span`,,,
661,manager,,triage,,,,,
662,international,,translate,,numbers-applied.md#intermediate-agazan-to-english `uel` (via outside); hooks.md#spans `uel` (via outside); numbers-applied.md#ranges `zrarel uel zraval` (via outside); joins.md#invert-ua-uo-ue `uo` (via outside),,,
663,contain,,translate,ebeho 🐻 bear (bear); azada 🛑 stop (stop); alaga 🧳 carry (carry); anaba 🎛️ control (control); eha ✅ check (check),say-reasons.md#phase-verbs `vazadal` (via stop); spans.md#beginner-translation-practice `vazadal` (via stop); hooks.md#deixis `valagal` (via carry); knowing.md#universality `… hual … thehol` (via check),,,
664,notice,,translate,onoda 🎵 note (note); amega 🔍 find (find); abuge 🪧 placard (placard),knowing.md#evidentiality `thunom` (via observation); knowing.md#live-vs-memory `thodum` (via observation); spans.md#close-forms-complete-editorial-close-all `xuxum` (via mark); x-compounds.md#one-thing-or-two `two words` (via mark),,,
665,wonder,,translate,agada 🐈 curiosity (curiosity),say-questions.md#echo `yol` (via question); questions.md#question-tone `yol` (via question); questions.md#rhetorical `yol` (via question); questions.md#question `yol` (via question),,,
668,section,,translate,ozazo 🪚 division (division),relations.md#of-relations `gabom` (via part); word-endings.md#continue-x-overview `/x/`; numbers.md#number-as-discourse-marker-by-marker `ro`; causation.md#fault `therar` (via part),,,
670,exactly,,translate,,spans.md#exact-paraphrase-proper `(none)`; joins.md#choice-o `zol`; join-across-roles.md#vp-clause-forms `xol`; join-across-roles.md#stance-joins `thol`,,,
671,plant,,translate,,causation.md#beginner-translation-practice `ahazul`; causation.md#beginner-english-to-agazan `zahazul`; english.md#for `el / /b/` (via works); spans.md#exact-paraphrase-proper `@` (via works),,,
672,paint,,translate,egehu 🔑 key (key),questions.md#beginner-translation-practice `egehul` (via key); questions.md#beginner-agazan-to-english `degehul` (via key); questions.md#intermediate-translation-practice `egehul` (via key); questions.md#intermediate-english-to-agazan `zegehul` (via key),,,
673,worker,,translate,,roles.md#the-extra-b-party-o `…axROOT…` (via doer); pronouns.md#cross-role-recast `-r` (via doer),,,
674,press,,translate,agaya 😍 crush (crush); avada 🫯 fight (fight); agehe 🧙 conjure (conjure); agabe 🗜️ pressure (pressure),causation.md#intermediate-translation-practice `agabem` (via pressure); causation.md#intermediate-english-to-agazan `bagabem` (via pressure); causation.md#intermediate-agazan-to-english `bagabem` (via pressure); intention.md#beginner-translation-practice `vavadal` (via fight),,,
676,necessary,,translate,ebo 🧻 necessity (necessity),knowing.md#universality `thalul` (via necessity),,,
677,region,,translate,,relations.md#of-relations `gabom` (via part); roles.md#viewpoint-vs-landmark `/ɡ/ / /b/`; roles.md#viewpoint-laterals `PoS`; causation.md#fault `therar` (via part),,,
679,evening,,translate,,causation.md#only-because `hazem thodom barl`; dependents.md#dependent-clauses `hazem barl`; joins.md#full-single-item-and-standalone-inventories `zaem`,,,
682,various,,translate,,joins.md#respectively `wazagum` (via respective); joins.md#intermediate-translation-practice `wazagum` (via respective); joins.md#intermediate-english-to-agazan `wazagum` (via respective),,,
683,catch,,translate,anago 😰 apprehension (apprehension); ahaha 👁️ see (see); azada 🛑 stop (stop); awaha ⌚ watch (watch); umuve 🎥 capture (capture),say-reasons.md#phase-verbs `vazadal` (via stop); spans.md#beginner-translation-practice `vazadal` (via stop); numbers-applied.md#digit-strings `vahahal` (via see); say-people-places.md#as-for `vahahal` (via see),,,
684,thus,,translate,,dependents.md#continue-x `xezadam` (via therefore); dependents.md#beginner-translation-practice `xezadam` (via therefore); dependents.md#beginner-agazan-to-english `xezadam` (via therefore); dependents.md#sentence-linkers `xezadam` (via therefore),,,
685,skill,,translate,,sakes.md#sake-inventory `udu`; comparatives.md#judgment-benchmarks-worse-than `zazawan zamegun zuel gezehel`,,,
687,son,,translate,oboha 👦 boy (boy),phonology.md#phonotactics-word-shape `-l / -m / -n / -r` (via word); x-compounds.md#two-roots-one-word `x` (via word); word-endings.md#phrasal-proper-names-mid-word-x `zuhuxaloden` (via word); spans.md#exact-paraphrase-proper `(none)` (via word),,,
688,simple,,translate,,phonology.md#phonotactics-word-shape `x`; spans.md#endings `-l` (via bare); numbers.md#ambient-magnitude-casual `g+e0` (via bare); numbers.md#special-number-as-verb-and-adverb `h+e-` (via bare),,,
689,medium,,translate,,comparatives.md#advanced-translation-practice `eyen` (via average); comparatives.md#advanced-english-to-agazan `zeyen` (via average); comparatives.md#advanced-agazan-to-english `zeyen` (via average); comparatives.md#vague-amounts `zeyen` (via average),,,
691,stock,,translate,adada 😫 tired (tired); ebahu 🪂 descent (descent); alaga 🧳 carry (carry); abada 🩸 blood (blood),say-people-places.md#someones-act `gagum` (via origin); relations.md#of-relations `gagum` (via origin); relations.md#intermediate-agazan-to-english `gagum` (via origin); hooks.md#deixis `valagal` (via carry),,,
692,management,,translate,agabu 🧭 direction (direction),hooks.md#extra-noun-stacked-vowels-and-loose-m `oel` (via direction); say-people-places.md#arrow-roots-as-talk-moves `agabul` (via direction); sakes.md#sake-inventory `aba` (via direction); intention.md#endings-—-map-resolution `thumar` (via direction),,,
693,character,,translate,,relations.md#of-relations `gabom` (via part); pronouns.md#cross-role-recast `-r` (via quality); comparatives.md#equatives-ae-shared-scale `e / zel` (via quality); intention.md#can-t-xe-xo-xu `xa` (via quality),,,
695,hit,,translate,agado 🐙 reach (reach); odove 🏆 score (score); oboza 📮 dispatch (dispatch); abawo ‼️ bang (bang),numbers.md#intermediate-translation-practice `odovem` (via score); numbers.md#intermediate-english-to-agazan `dodovem` (via score); numeric-derivation.md#scalar-digit-morphs-n-n `ROOTl+0` (via score); numeric-derivation.md#zero-×-exponent-0e-±0e-1 `ROOTl+0e` (via score),,,example only
696,establish,,translate,arage 🚀 launch (launch); agudu 🟫 ground (ground),english.md#as `thevem barl / thabem barl` (via ground); say-reasons.md#english-cues `barl / thevem barl / thabem barl` (via ground); numbers.md#stacked-markers `#_` (via ground); knowing.md#universality `… hual … thehol` (via found),,,example only
697,indeed,,translate,,dependents.md#result-pole `hezadam` (via so); dependents.md#dependent-clauses `hagom` (via so); dependents.md#beginner-translation-practice `hagom` (via so); dependents.md#beginner-english-to-agazan `hagom` (via so),,,
699,economy,,triage,,,,,
700,fit,,translate,uvude 👣 go (go); eha ✅ check (check),dependents.md#stand-in-roles `vaon` (via agree); roles.md#intermediate-translation-practice `vuvudel` (via go); hooks.md#deixis `vuvudel` (via go); say-amounts.md#numbered-alternatives-problem-solution-goal `ehegom`,,,
701,guy,,translate,agada 🐈 cat (cat),say-people-places.md#as-for `dagadal` (via cat); joins.md#and-lists-a `zagadal` (via cat); clause.md#direct-object-d `dagadal` (via cat); roles.md#the-undergoer-u `dagadal` (via cat),,,
702,function,,translate,araha 🏃 run (run); uvude 👣 go (go); ahe 🐹 routine (routine); uma 🗺️ map (map); oveza 🏢 office (office),relations.md#of-relations `gabom` (via part); roles.md#intermediate-translation-practice `vuvudel` (via go); hooks.md#deixis `vuvudel` (via go); roles.md#role-compounds `varahal` (via run),,,
703,yesterday,,translate,,say-tense.md#tense-jobs `channel + signed amount (dated channel)`,,,
704,image,,translate,ahaha 👁️ see (see); evohe 🗿 effigy (effigy),numbers-applied.md#digit-strings `vahahal` (via see); say-people-places.md#as-for `vahahal` (via see); say-questions.md#echo `vahahal` (via see); say-people-places.md#which-noun-with-resume-and-kinds `vahahal` (via see),,,
705,size,,translate,,plurality.md#adjectives-g `zavahal gagegem`; numbers.md#parts-of-speech-on-numbers `/b/`; word-endings.md#proper-name--n `/w/`; numbers.md#marker-vowel-referential-identity `+`,,,
706,behavior,,translate,,say-people-places.md#antecedent-was-an-adverb-h `/v/ / -r` (via doings); say-people-places.md#antecedent-was-a-verb-v `/w/ / -r` (via doings); pronouns.md#cross-role-recast `/h/ / -r` (via doings); sakes.md#which-ending-table `tho` (via doings),,,
708,determine,,translate,ahaha 👁️ see (see); eleha 🧑‍🎓 learn (learn); awaha ⌚ watch (watch); ewedu 🌬️ influence (influence); amega 🔍 find (find); eha ✅ check (check),numbers-applied.md#digit-strings `vahahal` (via see); say-people-places.md#as-for `vahahal` (via see); say-questions.md#echo `vahahal` (via see); say-people-places.md#which-noun-with-resume-and-kinds `vahahal` (via see),,,
710,population,,translate,,comparatives.md#judgment-benchmarks-worse-than `zeyen`,,,
711,fail,,translate,aneve 🫥 neglect (neglect); uvude 👣 go (go); abava 💣 bomb (bomb),roles.md#intermediate-translation-practice `vuvudel` (via go); hooks.md#deixis `vuvudel` (via go); join-across-roles.md#clause-sequence `xon`; intention.md#endings-—-commitment `thudor`,,,
712,environment,,triage,,,,,
714,contract,,translate,,sakes.md#consent `thuxegal`; numbers.md#ordinal-rank-annihilated-0e `v#0e` (via take); numbers.md#special-number-as-verb-and-adverb `v#e` (via take); questions.md#polar-stance `yaol / yaom` (via take),,,
715,player,,translate,,pronouns.md#cross-role-recast `-r` (via participant),,,
716,comment,,translate,ovo 💭 commentary (commentary); egebo ⌨️ input (input),numbers.md#number-as-verb-by-marker `ro` (via input),,,
718,occur,,translate,,say-reasons.md#emotion-stimulus-time `NOTIONAL` (via happen); knowing.md#phasal `huham` (via happen); questions.md#fill-ask `zar / var / xar` (via happen); causation.md#fault `theram` (via happen),,,
719,alone,,translate,,joins.md#scope-islands-join `^ zowodel zal ^`; joins.md#standalone-phrase `zam`; numbers.md#number-as-adverb-by-marker `ra`; roles.md#endings-and-resume `-r`,,,
720,significant,,translate,ebego 🫄 pregnant (pregnant),say-tense.md#future `thumam` (via meaning); comparatives.md#judgment-benchmarks-worse-than `zeyen` (via meaning); joins.md#full-single-item-and-standalone-inventories `zer` (via important),,,
721,drug,,triage,,,,,
722,wall,,translate,,x-compounds.md#families-by-shape `x` (via fence),,,
723,series,,translate,,say-amounts.md#numbered-alternatives-problem-solution-goal `g#N`; numbers.md#ordinal-rank-annihilated-0e `g#0e`; numeric-derivation.md#scalar-digit-morphs-n-n `ROOTl+7`; numeric-derivation.md#rank-annihilated-morph-0e `ROOTl#0e`,,,
724,direct,,translate,obo ☝️ point (point); ehada 🧑‍🦲 head (head); edeha 🚆 train (train); arehe 🏹 aim (aim),relations.md#locative-relations `bedehal` (via train); clause.md#intermediate-translation-practice `edehal` (via train); relations.md#intermediate-translation-practice `edehal` (via train); clause.md#intermediate-english-to-agazan `zedehal` (via train),,,
725,success,,triage,,,,,
726,tomorrow,,translate,,english.md#by `hodal / /b/`,,,
727,director,,triage,,,,,
729,lack,,translate,,say-tense.md#will-want `thuhum` (via want); intention.md#want `thuhum` (via want); intention.md#want-endings `thuhur` (via want); intention.md#intermediate-translation-practice `thuhum` (via want),,,
730,review,,translate,ageze 🛃 inspection (inspection); areve 🔄 refresh (refresh),knowing.md#hold-endings-may `thovom` (via follow-up),,,
731,depend,,translate,azahe 👀 look (look),causation.md#only-because `thebom theram / gebom geram`; numbers.md#ordinals `ra` (via count); say-tense.md#tense-jobs `thamom` (via count); restrictors.md#on-the-following-adjective-w `/h/` (via count),,,
732,race,,translate,araha 🏃 run (run),roles.md#role-compounds `varahal` (via run); say-people-places.md#which-noun-with-resume-and-kinds `varahal` (via run); joins.md#and-lists-a `varahal` (via run); dependents.md#dependent-clauses `varahal` (via run),,,
733,recognize,,translate,,knowing.md#hold-endings-may `thovor` (via know); knowing.md#beginner-translation-practice `thovor` (via know); knowing.md#beginner-english-to-agazan `thovor` (via know); knowing.md#beginner-agazan-to-english `thovor` (via know),,,
735,purpose,,translate,avoge 🌁 purport (purport); arehe 🏹 aim (aim),questions.md#why `hagom bar`; english.md#for `tho / /ɡ/`; knowing.md#hold-endings-notional `thovem`; sakes.md#attachment-sites `g…tho…`,,,
736,department,,translate,,word-endings.md#continue-x-overview `/x/` (via section); numbers.md#number-as-discourse-marker-by-marker `ro` (via section),,,
737,gain,,translate,agado 🐙 reach (reach); alude 🔊 amplification (amplification); abavo ➕ addition (addition),sakes.md#personal-possession `zabezum` (via gather); numbers.md#number-as-interjection-by-marker `ra` (via addition); numbers.md#special-number-as-verb-and-adverb `v+e` (via increase); numbers.md#number-as-verb-by-marker `ra` (via increase),,,
739,college,,triage,,,,,
740,argue,,translate,,knowing.md#evidentiality `thevem` (via reason); english.md#as `theram barl` (via reason); english.md#for `tho / /th/` (via reason); say-tense.md#must-should `tho` (via reason),,,
741,board,,translate,,numbers.md#how-many `g=_` (via room); numbers.md#parts-of-speech-on-numbers `/ɡ/` (via room); sakes.md#emotion-compose `zezebel wuduthuraor gobom` (via room); numeric-derivation.md#label-code-sense `ROOTl_N` (via room),,,
742,holiday,,triage,,,,,
743,mark,,translate,uzaga 🦨 stigma (stigma); odove 🏆 score (score); onoda 🎵 note (note); aleba 🏷️ label (label); eha ✅ check (check); ogoza ❌ cross (cross),numbers.md#intermediate-translation-practice `odovem` (via score); numbers.md#intermediate-english-to-agazan `dodovem` (via score); spans.md#close-forms-complete-editorial-close-all `xuxum`; x-compounds.md#one-thing-or-two `two words`,,,
745,machine,,translate,agaha 🚗 car (car),roles.md#viewpoint-laterals `ANCHOR` (via car),,,
746,achieve,,translate,agado 🐙 reach (reach),,,,
747,item,,translate,obo ☝️ point (point),joins.md#standalone-phrase `A B zam`; joins.md#full-single-item-and-standalone-inventories `zan`; joins.md#beginner-forms `zom`; hooks.md#except-ul `o`,,,
748,prove,,translate,abaha ⏫ rise (rise); ezego 📶 evidence (evidence),say-tense.md#will-want `thudom` (via try); say-reasons.md#reasons-causation-practice `udol` (via test); say-amounts.md#denominator-portion-of-what `dudolx g+95%` (via test); intention.md#endings-—-commitment `thudom` (via try),,,
749,cent,,triage,,,,,
750,season,,triage,,,,,
752,stuff,,translate,,relations.md#of-relations `guwam` (via material); relations.md#intermediate-translation-practice `guwam` (via material); relations.md#intermediate-english-to-agazan `guwam` (via material); sakes.md#sake-inventory `uho` (via material),,,
753,wide,,translate,ayaho 🧶 blanket (blanket),pronouns.md#resume-r `vezebar` (via full); say-people-places.md#day-when `hazazar` (via full); say-people-places.md#someones-act `dowogar` (via full); pronouns.md#beginner-english-to-agazan `vugugar` (via full),,,
755,method,,triage,,,,,
757,election,,triage,,,,,
758,military,,triage,,,,,
760,club,,translate,ebedo 🍱 order (order),numeric-derivation.md#scalar-digit-morphs-n-n `ROOTl+9` (via nine); say-amounts.md#sequence-scale `zoel` (via order); join-across-roles.md#vp-clause-forms `voel` (via order); say-people-places.md#stacked-owners `boel` (via order),,,
761,below,,translate,,numbers-applied.md#ranges `zrarel uel zraval`; numbers.md#digitless-exponents `ba / bu`; say-amounts.md#unspecified-value-in-the-range-r `z+3 uer z+5`; numbers.md#stacked-markers `#_`,,,
762,movie,,translate,evave 🎞️ film (film),,,,
763,doctor,,translate,erabe 🧑‍🔧 repair (repair),sakes.md#unmet-thu-detracts-from-the-sake `…thul` (via fix); predication.md#label-scope `the` (via fix),,,
764,discussion,,translate,ezebe 💬 discourse (discourse),numbers.md#number-as-discourse-marker-by-marker `ro` (via discourse); say-reasons.md#english-cues `xezadam` (via discourse); say-people-places.md#antecedent-was-a-noun-z-d-or-b `/x/ / -r` (via discourse); say-people-places.md#antecedent-was-y-or-x `/x/ / -r` (via discourse),,,
767,nation,,translate,agu 🗾 country (country),dependents.md#stand-in-roles `varn` (via state); sakes.md#emotion-compose `o` (via land); sakes.md#thanks-sorry `…thar` (via land); knowing.md#phasal `hagem` (via state),,,
772,introduce,,translate,ebezo 🎁 present (present),sakes.md#time-horizon-endings-on-met `zebezol` (via present); hooks.md#advanced-translation-practice `owogalal` (via enter); hooks.md#advanced-english-to-agazan `vowogalal` (via enter); hooks.md#advanced-agazan-to-english `vowogalal` (via enter),,,
773,advantage,,translate,odode 🍩 reward (reward),,,,
774,ready,,translate,uguga 🧑‍🍳 cook (cook),join-across-roles.md#vp-clause-forms `vugugel` (via cook); pronouns.md#beginner-translation-practice `vugugal` (via cook); pronouns.md#beginner-english-to-agazan `vugugal` (via cook); hooks.md#extra-noun `vugugal` (via cook),,,
775,marry,,translate,,say-questions.md#rank-standalone-under-question `…ael` (via tie); english.md#of `/ɡ/ / /b/` (via tie); joins.md#full-single-item-and-standalone-inventories `zael` (via tie); join-across-roles.md#join-act-verbs `vaen` (via tie),,,
776,strike,,translate,oga 🪙 coin (coin); adahe ⏬ fall (fall); abawe 🔆 shine (shine); abawo ‼️ bang (bang),restrictors.md#intermediate-translation-practice `vadahel` (via fall); restrictors.md#intermediate-english-to-agazan `vadahel` (via fall); restrictors.md#intermediate-agazan-to-english `vadahel` (via fall); numbers.md#ordinal-rank-annihilated-0e `h#0e`,,,
777,mile,,translate,ona 🪢 knot (knot),,,,
778,seek,,translate,,say-tense.md#will-want `thudom` (via try); sakes.md#emotion-compose `oe`; knowing.md#universality `… hual … thehol` (via search); intention.md#endings-—-commitment `thudom` (via try),,,
779,ability,,translate,abage 🔌 power (power),x-compounds.md#families-by-shape `x / a / e / o / u`,,,
780,unit,,translate,,plurality.md#verbs-v `zavahal vowogalx`; numbers-applied.md#measure-phrases `gezezem g+2`; numeric-derivation.md#label-code-sense `ROOTl_`; numeric-derivation.md#scalar-digit-morphs-n-n `ROOTl+1`,,,
781,card,,translate,adeze 😜 tease (tease); abuge 🪧 placard (placard),joins.md#full-single-item-and-standalone-inventories `zor` (via menu); joins.md#unspecified-member-r `zor / vor / xor` (via menu); join-across-roles.md#clause-sequence `xon` (via menu); joins.md#invert-ua-uo-ue `uo` (via menu),,,
783,quickly,,triage,,,,,example only
784,interview,,translate,,say-questions.md#echo `yol` (via question); questions.md#question-tone `yol` (via question); questions.md#rhetorical `yol` (via question); questions.md#question `yol` (via question),,,
786,release,,translate,adeba 🛫 departure (departure); adado 📉 loss (loss); anagu ⛓️‍💥 liberation (liberation); obahe 🪠 unblock (unblock); areve 🔄 turn (turn); ahego ⏏️ eject (eject),knowing.md#may `vadebal` (via departure); say-reasons.md#factivity-if-vs-because `vadebal` (via departure); knowing.md#beginner-translation-practice `vadebal` (via departure); say-reasons.md#remote-unreal `vadebal` (via departure),,,
787,tax,,triage,,,,,
789,capital,,translate,ageba 🧢 cap (cap),,,,
790,popular,,triage,,,,,
791,specific,,translate,,joins.md#full-single-item-and-standalone-inventories `zoel` (via particular); restrictors.md#sometimes-anytime-some-other-time `hor` (via particular),,,
792,beautiful,,triage,,,,,
796,serious,,translate,,intention.md#endings-—-changeability `thehal` (via good); knowing.md#phasal `huhal` (via good),,,
797,target,,translate,obo ☝️ point (point); ago 🥅 objective (objective); arehe 🏹 aim (aim),roles.md#goal-source-path `…oexROOT…`; sakes.md#personal-possession `gobom`; sakes.md#emotion-compose `o`; numbers.md#special-referential `g-e-`,,,
799,pull,,translate,abahe 👊 force (force); erevo 🔧 wrench (wrench),x-compounds.md#beginner-translation-practice `erevol` (via wrench); x-compounds.md#beginner-english-to-agazan `zerevol` (via wrench); say-people-places.md#arrow-roots-as-talk-moves `azawem`; roles.md#gravity `adahel`,,,
801,husband,,triage,,,,,
803,movement,,translate,azewe 💦 effort (effort); ewawe 🛞 motion (motion),causation.md#cause `thegem` (via cause); say-reasons.md#reasons-causation-practice `thegem` (via cause); causation.md#make `thegem` (via cause); causation.md#intermediate-translation-practice `thegem` (via cause),,,
804,treat,,translate,,numeric-derivation.md#limit-polarity-stage-digitless `ROOTl-e-`; say-people-places.md#people-handles-practice `ezuden` (via handle); say-people-places.md#named-handles `zubugan` (via handle); say-people-places.md#antecedent-was-a-noun-z-d-or-b `/y/ / -r` (via address),,,
805,identify,,translate,egehu 🔑 key (key),questions.md#beginner-translation-practice `egehul` (via key); questions.md#beginner-agazan-to-english `degehul` (via key); questions.md#intermediate-translation-practice `egehul` (via key); questions.md#intermediate-english-to-agazan `zegehul` (via key),,,
807,shall,,triage,,,,,
808,modern,,translate,,numbers.md#number-endings `g+3 / g+` (via new); dependents.md#orthography-and-prosody-periods `/y/` (via new); phonology.md#phonotactics-word-shape `Root(s) V(CV)+` (via new); numbers.md#number-as-discourse-marker-by-marker `ru` (via new),,,
811,treatment,,translate,ezebe 💬 discourse (discourse),numbers.md#number-as-discourse-marker-by-marker `ro` (via discourse); say-reasons.md#english-cues `xezadam` (via discourse); say-people-places.md#antecedent-was-a-noun-z-d-or-b `/x/ / -r` (via discourse); say-people-places.md#antecedent-was-y-or-x `/x/ / -r` (via discourse),,,
812,conference,,triage,,,,,
814,supply,,translate,agude 🍴 provision (provision),numbers.md#ordinal-umpteenth-umpteenth-first-re-ba∅-bu∅ `v+1e` (via add); join-across-roles.md#clause-sequence `xan` (via add); join-across-roles.md#join-act-verbs `van` (via add); joins.md#invert-ua-uo-ue `ua` (via add),,,
815,village,,translate,,word-endings.md#proper-name--n `/v/` (via hamlet),,,example only
816,worth,,translate,,speech-moves.md#speech-act `yam`; sakes.md#prescription-the-ought-this-act-for-this-sake `…ther`,,,
818,express,,translate,alaga 🧳 carry (carry),hooks.md#deixis `valagal` (via carry); dependents.md#stand-in-roles `varn` (via state); restrictors.md#on-the-following-adjective-w `/h/` (via limited); knowing.md#phasal `hagem` (via state),,,example only
819,indicate,,translate,obo ☝️ point (point); ezego 📶 signal (signal),hooks.md#hook-resume `ur …` (via point); numbers-applied.md#percent-and-percentage-points `yu` (via point); hooks.md#extra-noun `ol` (via point); hooks.md#discourse-hooks `al …` (via point),,,
821,brother,,triage,,,,,
822,investment,,triage,,,,,
824,organize,,translate,,numbers.md#zero-exponent-referential `g-0e-1` (via engineer); numeric-derivation.md#zero-×-exponent-0e-±0e-1 `ROOTl-0e-1` (via engineer); clause.md#role-letters `/d/` (via direct); numbers.md#parts-of-speech-on-numbers `/d/` (via direct),,,
825,trip,,triage,,,,,
826,beyond,,triage,,,,,
832,trouble,,translate,ehego 🧩 problem (problem); azabo 🫟 disorder (disorder),say-amounts.md#numbered-alternatives-problem-solution-goal `ehegom` (via problem); numeric-derivation.md#ordinal-digit-morphs-n `ROOTl#3` (via problem); numeric-derivation.md#zero-×-exponent-0e-±0e-1 `ROOTl+0e-1` (via problem); sakes.md#emotion-compose `e` (via upset),,,
833,relation,,translate,,dependents.md#which-person-or-thing-who-that-which `vezebel` (via telling); spans.md#writing `vezebel` (via telling); say-people-places.md#which-noun-with-resume-and-kinds `vezebel` (via telling); say-questions.md#reported-questions `vezebel` (via telling),,,
835,file,,translate,araze 🦏 charge (charge),plurality.md#adjectives-g `zavabalx`; sakes.md#emotion-compose `o` (via charge),,,
836,middle,,translate,ahu ❤️ heart (heart); ahaha 👁️ eye (eye),,,,
838,suffer,,translate,azado 🧍 stand (stand); ebeho 🐻 bear (bear); agava 🩼 support (support),clause.md#beginner-translation-practice `vazadol` (via stand); clause.md#beginner-english-to-agazan `vazadol` (via stand); dependents.md#beginner-translation-practice `vazadol` (via stand); clause.md#beginner-agazan-to-english `vazadol` (via stand),,,
840,deep,,translate,,sakes.md#thanks-sorry `…thul behodon`; plurality.md#vocatives-y `-lx` (via bass); comparatives.md#vague-amounts `zahen / bral / zel / zuel` (via late); numbers.md#ordinal-umpteenth-umpteenth-first-re-ba∅-bu∅ `y#1e` (via late),,,
842,clean,,translate,ebega ⛏️ pick (pick); awada ⚪ white (white); awaze ⬜ blank (blank),say-questions.md#set-standalone-under-question `…om` (via pick); sakes.md#sake-inventory `uge` (via pick); join-across-roles.md#join-act-verbs `von` (via pick); joins.md#beginner-forms `zol / zom` (via pick),,,
844,advance,,translate,alede 🪜 advancement (advancement); ezada ➡️ progress (progress); abewe ⤴️ improvement (improvement); abaha ⏫ rise (rise),say-people-places.md#arrow-roots-as-talk-moves `ezadam` (via progress); hooks.md#discourse-hooks `al …` (via further); knowing.md#hold-endings-notional `thovem` (via further),,,example only
845,fill,,translate,,questions.md#fill-ask `zar / var / xar`; say-questions.md#set-standalone-under-question `…or`; relations.md#of-relations `haham / gaham`; say-questions.md#set-single-item-under-question `…or`,,,
848,generally,,translate,,numeric-derivation.md#quasi-n-e-1-e-2 `ROOTl-e-`; say-people-places.md#arrow-roots-as-talk-moves `agabul`; joins.md#full-single-item-and-standalone-inventories `zer` (via mostly); numbers-applied.md#rays `zrubal al zraval` (via mostly),,,
849,operation,,translate,amegu 🎤 performance (performance),comparatives.md#judgment-benchmarks-worse-than `zazawan zamegun zuel gezehel` (via performance),,,
850,match,,translate,agaba 💑 couple (couple); emeda 🧉 mate (mate); eha ✅ check (check),hooks.md#advanced-translation-practice `owogaluel` (via oppose); hooks.md#advanced-english-to-agazan `vowogaluel` (via oppose); hooks.md#advanced-agazan-to-english `vowogaluel` (via oppose); dependents.md#stand-in-roles `vaon` (via agree),,,
851,avoid,,translate,ohaho 🕳️ void (void),sakes.md#emotion-compose `u`; say-questions.md#set-standalone-under-question `…an` (via void); numeric-derivation.md#limit-polarity-stage-digitless `ROOTl-e` (via void); joins.md#rare-arities-and-edge-readings `…aen / …en / …an standalone` (via void),,,
854,task,,translate,ebeve 💼 job (job),,,,
855,normal,,translate,,say-tense.md#future `thabem` (via pattern); say-reasons.md#plan-and-forecast-against-a-snapshot `thabem` (via pattern); knowing.md#forecast `thabem` (via pattern); knowing.md#residue-and-former-climate `thabem` (via pattern),,,
857,associate,,translate,elege 🔗 link (link),plurality.md#verbs-v `zazawanx vezehel`; plurality.md#vocatives-y `-rx`; plurality.md#where-x-sits `/z/ / /d/ / /b/`; relations.md#social-relations `gemezem / /b/` (via companion),,,
859,positive,,translate,abavo ➕ plus (plus),dependents.md#stand-in-roles `vaen` (via confirming); numbers.md#marker-not-written-as-r-v `+`; numbers.md#digitless `ra / …+`; numbers.md#marker-vowel-referential-identity `+`,,,
862,huge,,translate,,numbers.md#special-number-as-interjection `y~+e`; numbers.md#scalar-ra-ru `g+1e`; numeric-derivation.md#hyperbole-sense-1e-1e-1e `ROOTl+1e`; plurality.md#adjectives-g `zavahal gagegem` (via vast),,,
864,instance,,translate,,hooks.md#stacked-discourse `aol` (via example); hooks.md#intermediate-agazan-to-english `aol` (via example); numbers.md#stacked-markers `#_` (via example); questions.md#when `har / war` (via case),,,
865,style,,translate,adeho 💨 dash (dash),word-endings.md#proper-name--n `/ɡ/`; numbers.md#marker-vowel-referential-identity `_`; english.md#by `/h/ / /b/` (via manner); say-people-places.md#antecedent-was-an-adjective-extra-w `/y/ / -r` (via manner),,,
866,refer,,translate,eweda 😟 concern (concern),spans.md#resume `d[=]` (via cite); spans.md#mention `z{odoga}` (via mention); spans.md#beginner-english-to-agazan `z{onoda}` (via mention); spans.md#beginner-agazan-to-english `d{onoda}` (via mention),,,
868,push,,translate,avada 🫯 fight (fight); abahe 👊 force (force); abado 🔋 energy (energy),intention.md#beginner-translation-practice `vavadal` (via fight); knowing.md#beginner-translation-practice `vavadal` (via fight); roles.md#the-event-itself `davadal` (via fight); intention.md#beginner-english-to-agazan `vavadal` (via fight),,,
869,quarter,,translate,ububa 💩 poop (poop),word-endings.md#proper-name--n `/h/`; say-questions.md#rank-standalone-under-question `…aen` (via draw); joins.md#full-single-item-and-standalone-inventories `zael` (via draw); joins.md#rare-arities-and-edge-readings `…aen / …en / …an standalone` (via draw),,,
870,assume,,translate,ebeho 🐻 bear (bear),sakes.md#consent `thuxegar`; sakes.md#intermediate-english-to-agazan `thuxegar`; plurality.md#person-role-x `amegunx`; speech-moves.md#speech-act-statement-question-command `yul` (via don),,,
872,successful,,triage,,,,,
876,theory,,translate,egewe ❓ possibility (possibility),spans.md#scope-islands `hegewem` (via possibility); spans.md#intermediate-translation-practice `hegewem` (via possibility); spans.md#intermediate-english-to-agazan `hegewem` (via possibility); spans.md#intermediate-agazan-to-english `hegewem` (via possibility),,,
877,propose,,translate,avoge 🌁 purport (purport); arehe 🏹 aim (aim),say-reasons.md#emotion-stimulus-time `wonathumol` (via aim); say-reasons.md#emotion-feeling-time `wonathumol` (via aim); say-reasons.md#emotion-blame `wonathumom` (via aim); sakes.md#emotion-compose `wonathumol` (via aim),,,
878,reference,,translate,eweva 👋 acknowledgment (acknowledgment); agavo 💳 credit (credit),spans.md#resume `d[=]` (via cite); spans.md#beginner-english-to-agazan `d[=]` (via cite); spans.md#beginner-agazan-to-english `d[=]` (via cite); plurality.md#where-x-sits `inner words of a non-opaque span`,,,
879,argument,,translate,adedo 🍅 controversy (controversy),questions.md#rhetorical `yal` (via statement); word-endings.md#phrasal-proper-names-mid-word-x `duhuxaloden / buhuxaloden`; pronouns.md#how-english-approximates-r `/b/ / -r / /b/`; say-reasons.md#phase-verbs `vevehal` (via line),,,
880,adult,,translate,elava 🐘 big (big),say-questions.md#exclamations `gelavam` (via big); numbers.md#how-big `gelavam` (via big); comparatives.md#comparatives-e `gelavam` (via big); predication.md#existence `gelavam` (via big),,,
882,document,,translate,,knowing.md#live-vs-memory `therum`; knowing.md#evidentiality `therum`,,,
884,application,,translate,anado 🐜 diligence (diligence); olohe 🧴 lotion (lotion),questions.md#beginner-translation-practice `ogodul` (via coating); questions.md#beginner-english-to-agazan `dogodul` (via coating); x-compounds.md#words-you-look-up-not-build `zerehelogodul` (via coating),,,
886,obviously,,translate,,speech-moves.md#speech-manner `thagazam` (via plainly); plurality.md#adjectives-g `zavabalx garagam` (via plainly); numbers.md#zero-exponent-referential `g+0e` (via plainly),,,
887,unclear,,triage,,,,,
888,bill,,translate,araze 🦏 charge (charge); onoda 🎵 note (note); abuge 🪧 placard (placard),numbers.md#marker-vowel-referential-identity `-` (via measure); numeric-derivation.md#scalar-digit-morphs-n-n `ROOTl+1` (via measure); numbers.md#number-as-discourse-marker-by-marker `re` (via note); sakes.md#emotion-compose `o` (via charge),,,
889,search,,translate,azahe 👀 look (look); areze 🧑‍🔬 research (research); enade 📇 lookup (lookup); arehe 🏹 hunt (hunt),knowing.md#universality `… hual … thehol`; sakes.md#emotion-compose `oe` (via seek); joins.md#full-single-item-and-standalone-inventories `zaem` (via look); phonology.md#phonotactics-word-shape `l / /ɡ/` (via look),,,
890,separate,,translate,ezebe 💬 tell (tell); adeva ➗ divide (divide),dependents.md#which-person-or-thing-who-that-which `vezebel` (via tell); spans.md#writing `vezebel` (via tell); say-people-places.md#which-noun-with-resume-and-kinds `vezebel` (via tell); say-questions.md#reported-questions `vezebel` (via tell),,,
891,central,,translate,egehu 🔑 key (key); adawa ⚛️ fundamental (fundamental),questions.md#beginner-translation-practice `egehul` (via key); questions.md#beginner-agazan-to-english `degehul` (via key); questions.md#intermediate-translation-practice `egehul` (via key); questions.md#intermediate-english-to-agazan `zegehul` (via key),,,
892,career,,translate,,say-people-places.md#antecedent-was-an-adjective-ɡ `/y/ / -r` (via calling); pronouns.md#how-english-approximates-r `/y/ / -r` (via calling); word-endings.md#proper-name--n `/y/` (via calling); say-people-places.md#antecedent-was-y-or-x `/y/ / /x/ / -r` (via calling),,,
896,officer,,triage,,,,,example only
897,throughout,,triage,,,,,
898,oil,,triage,,,,,
900,profit,,translate,,say-amounts.md#numbered-alternatives-problem-solution-goal `agol` (via net),,,
901,guess,,translate,evega 🤔 think (think); ahaho 🧑‍⚖️ judge (judge),knowing.md#beginner-translation-practice `vevegal` (via think); knowing.md#beginner-english-to-agazan `vevegal` (via think); knowing.md#beginner-agazan-to-english `vevegal` (via think); say-tense.md#will-want `thumar` (via think),,,
902,fun,,translate,adehu 🦦 playfulness (playfulness); eboga 🛝 play (play); ozobo 🚩 sport (sport),causation.md#fault `therar` (via play); joins.md#join-type-vowel-series `-l` (via play),,,
903,protect,,triage,,,,,
904,resource,,triage,,,,,
905,science,,translate,,sakes.md#sake-inventory `udu` (via skill); comparatives.md#judgment-benchmarks-worse-than `zazawan zamegun zuel gezehel` (via skill),,,
906,disease,,triage,,,,,
908,damage,,translate,enehe 🤕 harm (harm),sakes.md#thanks-sorry `…thur behodon` (via harm); sakes.md#time-horizon-endings-on-met `gudutham` (via terms); sakes.md#beginner-english-to-agazan `gudutham` (via terms); sakes.md#motive-tho-time-horizon `thonathom` (via terms),,,
909,basis,,translate,era 🧱 foundation (foundation); agudu 🟫 ground (ground),english.md#as `thevem barl / thabem barl` (via ground); say-reasons.md#english-cues `barl / thevem barl / thabem barl` (via ground); numbers.md#stacked-markers `#_` (via ground),,,
910,author,,translate,,roles.md#goal-source-path `duaxoboher` (via source); hooks.md#extra-noun `ul` (via source); roles.md#intermediate-agazan-to-english `duaxoboher` (via source); relations.md#of-relations `hagum / gagum` (via source),,,example only
911,basic,,translate,ebewe 🍞 staple (staple),,,,
912,encourage,,translate,,hooks.md#discourse-hooks `al …` (via further); knowing.md#hold-endings-notional `thovem` (via further),,,
913,hair,,translate,,say-tense.md#tense-jobs `brubul`; numbers.md#special-number-as-stance `th-e-`; numbers.md#special-referential `g-e-`; numbers.md#special-number-as-verb-and-adverb `h+e-`,,,
915,operate,,translate,araha 🏃 run (run); uvude 👣 go (go); anaba 🎛️ control (control),say-reasons.md#factivity-if-vs-because `galagel` (via lock); say-reasons.md#remote-unreal `galagel` (via lock); roles.md#intermediate-translation-practice `vuvudel` (via go); hooks.md#deixis `vuvudel` (via go),,,
916,reflect,,translate,abawe 🔆 shine (shine),,,,
917,exercise,,translate,,hooks.md#stacked-discourse `aol` (via example); hooks.md#intermediate-agazan-to-english `aol` (via example); numbers.md#stacked-markers `#_` (via example); knowing.md#hold-endings-notional `thovel` (via practice),,,
918,useful,,translate,,intention.md#endings-—-commitment `thudor`,,,
919,restaurant,,triage,,,,,
920,income,,triage,,,,,
921,property,,translate,,clause.md#role-letters `/ɡ/`; say-people-places.md#antecedent-was-an-adjective-ɡ `/w/ / -r`; pronouns.md#how-english-approximates-r `/ɡ/ / -r / /ɡ/`; say-people-places.md#antecedent-was-an-adverb-h `/ɡ/ / -r`,,,
922,previous,,translate,,knowing.md#residue-and-former-climate `thunem` (via former); say-tense.md#used-to `thunem` (via former); say-reasons.md#residue-against-a-snapshot `thunem` (via former); intention.md#can-xa `thunem` (via former),,,
923,dark,,translate,anada 🌃 night (night); ubuha 🔵 blue (blue); abago ⚫ black (black),restrictors.md#listed-occasions-open `hanadal` (via night); restrictors.md#beginner-translation-practice `anadal` (via night); restrictors.md#beginner-english-to-agazan `hanadal` (via night); restrictors.md#beginner-agazan-to-english `hanadal` (via night),,,
926,earn,,translate,,speech-moves.md#speech-manner `thagazam` (via clear); comparatives.md#judgment-benchmarks-worse-than `zebeyum zeyen zuem gagazam` (via clear); numbers.md#special-number-as-verb-and-adverb `h+e-` (via clear); numbers.md#number-as-verb-by-marker `ra` (via clear),,,
927,daughter,,translate,egeha 👧 girl (girl),,,,
928,post,,translate,oveza 🏢 office (office); ezede 🚉 station (station); alaga 🧳 carry (carry); ehahe 🪑 position (position),relations.md#locative-relations `bezedel` (via station); relations.md#intermediate-translation-practice `ezedel` (via station); relations.md#intermediate-english-to-agazan `bezedel` (via station); relations.md#intermediate-agazan-to-english `bezedel` (via station),,,
930,define,,translate,,say-questions.md#set-standalone-under-question `…aol` (via set); join-across-roles.md#join-act-verbs `vuan` (via set); plurality.md#where-x-sits `/ɡ/` (via set); joins.md#standalone-phrase `A B zam` (via set),,,
931,conclusion,,translate,ogove ⚰️ end (end); eha ✅ decision (decision),say-reasons.md#phase-verbs `vevehal` (via finish); intention.md#decision-revisability `theham` (via decision); say-reasons.md#plan-and-forecast-against-a-snapshot `theham` (via decision); intention.md#endings-—-changeability `thehal` (via decision),,,
933,everybody,,triage,,,,,
935,perform,,translate,,word-endings.md#proper-name--n `/v/`; say-questions.md#set-single-item-under-question `…aom` (via do); say-tense.md#must-should `yel` (via do); joins.md#unspecified-member-r `zor / vor / xor` (via do),,,
938,debate,,translate,,word-endings.md#phrasal-proper-names-mid-word-x `duhuxaloden / buhuxaloden` (via argument); pronouns.md#how-english-approximates-r `/b/ / -r / /b/` (via argument); x-compounds.md#families-by-shape `x` (via fence),,,
941,song,,translate,,numbers.md#special-number-as-verb-and-adverb `h~+e-` (via strain); say-people-places.md#antecedent-was-an-adjective-ɡ `/y/ / -r` (via call); pronouns.md#how-english-approximates-r `/y/ / -r` (via call); word-endings.md#proper-name--n `/y/` (via call),,,
942,object,,translate,ago 🥅 objective (objective); arehe 🏹 aim (aim),join-across-roles.md#join-act-verbs `vun`; say-amounts.md#denominator-portion-of-what `dudolx g+95%`; clause.md#role-letters `/d/`; sakes.md#emotion-compose `ue`,,,
943,maintain,,translate,,word-endings.md#proper-name--n `/v/` (via observe); intention.md#endings-—-commitment `thudol` (via keep); dependents.md#orthography-and-prosody-periods `/x/` (via keep); intention.md#want-endings `thuhul` (via keep),,,
946,discover,,translate,ema 👂 hear (hear); ahaha 👁️ see (see); eleha 🧑‍🎓 learn (learn); amega 🔍 find (find); egehu 🔑 key (key),say-people-places.md#someones-act `vemal` (via hear); dependents.md#sentence-linkers `vemal` (via hear); numbers-applied.md#digit-strings `vahahal` (via see); say-people-places.md#as-for `vahahal` (via see),,,
947,dead,,translate,,numeric-derivation.md#limit-polarity-stage-digitless `ROOTl-e` (via absolutely); numbers.md#zero-exponent-referential `g-0e` (via absolutely); numeric-derivation.md#zero-×-exponent-0e-±0e-1 `ROOTl+0e` (via absolutely); english.md#as `ue` (via short),,,
948,afternoon,,triage,,,,,
949,prefer,,translate,,join-across-roles.md#intermediate-english-to-agazan `von` (via choose); join-across-roles.md#intermediate-agazan-to-english `von` (via choose); say-questions.md#rank-single-item-under-question `…em`; numbers-applied.md#measure-phrases `gezezem g+2`,,,
950,extend,,translate,araha 🏃 run (run); uvude 👣 go (go); alaga 🧳 carry (carry),hooks.md#deixis `valagal` (via carry); roles.md#role-compounds `varahal` (via run); say-people-places.md#which-noun-with-resume-and-kinds `varahal` (via run); joins.md#and-lists-a `varahal` (via run),,,
953,facility,,translate,udu 🧰 readiness (readiness),,,,
955,daily,,translate,adehe 👕 casual (casual),word-endings.md#the-three-endings `azawal` (via everyday); numbers-applied.md#percent-and-percentage-points `yo` (via everyday),,,
956,clothes,,translate,edeza 👗 dress (dress),,,,
957,screen,,translate,ohahe 🎃 concealment (concealment); uho 🛡️ shield (shield),clause.md#degree-w `habedum` (via sort); predication.md#classification-packaging `/w/ / /ɡ/` (via sort); say-reasons.md#reasons-causation-practice `udol` (via test); say-amounts.md#denominator-portion-of-what `dudolx g+95%` (via test),,,
958,track,,translate,odoga 🐕 dog (dog); ogoza ❌ cross (cross),hooks.md#advanced-translation-practice `owogaluol` (via traverse); hooks.md#advanced-english-to-agazan `vowogaluol` (via traverse); hooks.md#advanced-agazan-to-english `vowogaluol` (via traverse); say-people-places.md#stacked-owners `bodogal` (via dog),,,
960,completely,,translate,,numeric-derivation.md#scalar-digit-morphs-n-n `ROOTl+7`; numbers.md#zero-exponent-number-as-verb-and-adverb `v-0e` (via totally); numbers.md#zero-exponent-number-as-interjection `y-0e` (via totally); numbers.md#zero-exponent-referential `g-0e` (via totally),,,
963,original,,translate,abawu 🧑‍✈️ pilot (pilot),,,,
964,sister,,translate,ebebe 👶 baby (baby),numbers-applied.md#intermediate-translation-practice `abadul` (via baby); numbers-applied.md#intermediate-agazan-to-english `zabadul` (via baby),,,
966,dream,,translate,agedu 🪁 aspiration (aspiration); agebo ♑ ambition (ambition),,,,
968,university,,triage,,,,,
969,easily,,translate,,sakes.md#speaker-attitude `theledem` (via well); say-questions.md#rank-standalone-under-question `…em` (via easy),,,
970,agency,,translate,abaza 👮 authority (authority); oveza 🏢 office (office),relations.md#proxy `hadem / gadem`; sakes.md#sake-inventory `aba`; numeric-derivation.md#scalar-digit-morphs-n-n `ROOTl+5`; say-tense.md#future `thumam` (via means),,,
972,garden,,triage,,,,,
973,fix,,translate,ohaho 🕳️ hole (hole); uguga 🧑‍🍳 cook (cook); erabe 🧑‍🔧 repair (repair),join-across-roles.md#vp-clause-forms `vugugel` (via cook); pronouns.md#beginner-translation-practice `vugugal` (via cook); pronouns.md#beginner-english-to-agazan `vugugal` (via cook); pronouns.md#beginner-agazan-to-english `vugugal` (via cook),,,
976,yeah,,triage,,,,,
977,candidate,,translate,,say-amounts.md#numbered-alternatives-problem-solution-goal `g~#N`,,,
978,weight,,translate,ebeho 🐻 burden (burden),,,,
979,legal,,translate,,english.md#of `gegabem / /b/`; say-people-places.md#named-handles `zubugaxalahen`,,,
980,proposal,,triage,,,,,
981,version,,translate,ozovo 🥎 adaptation (adaptation),numbers.md#marker-vowel-referential-identity `_` (via reading); numbers.md#number-as-interjection-by-marker `ro` (via reading); spans.md#endings `-m` (via rendering),,,
982,conversation,,translate,,x-compounds.md#families-by-shape `x / a / o / e / u`; pronouns.md#special-pronouns `amegun`,,,
983,somebody,,translate,ebeza 🧑 person (person),joins.md#unspecified-member-r `zebezal` (via person); predication.md#intermediate-translation-practice `ebezal` (via person); predication.md#intermediate-english-to-agazan `zebezal` (via person); numbers-applied.md#kin-generations `bebezal` (via person),,,
985,magazine,,triage,,,,,
986,shape,,translate,ewedu 🌬️ influence (influence); evevo 🖼️ frame (frame),predication.md#intermediate-translation-practice `evevol` (via frame); predication.md#intermediate-english-to-agazan `devevol` (via frame); predication.md#intermediate-agazan-to-english `zevevol` (via frame); say-tense.md#future `thabem` (via pattern),,,
987,sea,,translate,ohaha 🌊 ocean (ocean),comparatives.md#degree-much-slightly `wohahal` (via ocean); comparatives.md#beginner-translation-practice `wohahal` (via ocean); comparatives.md#beginner-english-to-agazan `wohahal` (via ocean); comparatives.md#beginner-agazan-to-english `wohahal` (via ocean),,,
988,immediately,,translate,,sakes.md#time-horizon-endings-on-met `guduthar`; sakes.md#beginner-agazan-to-english `guhothar`; sakes.md#intermediate-english-to-agazan `thonathor`; sakes.md#intermediate-agazan-to-english `thonathor`,,,
989,welcome,,translate,,sakes.md#permission `therer`,,,
991,communication,,triage,,,,,
992,agent,,translate,,knowing.md#advanced-translation-practice `gaxedehol`; roles.md#role-compounds `zaxedehol`; roles.md#this-instance-r `zaxehaher`; say-people-places.md#which-noun-with-resume-and-kinds `gaxehahel`,,,
993,traditional,,triage,,,,,
994,replace,,translate,,hooks.md#discourse-hooks `ol …`; relations.md#exchange `hogem` (via exchange); relations.md#beginner-translation-practice `hogem` (via exchange); relations.md#beginner-english-to-agazan `hogem` (via exchange),,,
996,herself,,triage,,,,,
997,suddenly,,translate,,english.md#as `ue` (via short); numbers.md#special-number-as-verb-and-adverb `h~-e-` (via short); say-tense.md#tense-jobs `brabul / brabum` (via short); numbers.md#special-referential `g-e-` (via short),,,
998,generation,,translate,,numbers-applied.md#ordinal-generation-—-digitful-exponent-on `g#e-1`; numbers.md#special-referential `g#e`,,,
999,estimate,,translate,ahaho 🧑‍⚖️ judge (judge); edazo 🔭 forecast (forecast),spans.md#intermediate-translation-practice `ahahon` (via judge); numbers.md#special-number-as-stance `th+e`; numbers.md#starter-examples `g~+3` (via approximate); english.md#about `~` (via approximate),,,
1000,favorite,,translate,,say-questions.md#rank-standalone-under-question `…el`; joins.md#full-single-item-and-standalone-inventories `zen`; joins.md#beginner-forms `zel / zem`; joins.md#rare-arities-and-edge-readings `…aen / …en / …an standalone`,,,
1001,difficulty,,triage,,,,,
1002,purchase,,triage,,,,,
1003,shoot,,translate,adeho 💨 dash (dash); araze 🦏 charge (charge); evave 🎞️ film (film),numbers.md#ordinal-rank-annihilated-0e `v#0e` (via take); numbers.md#special-number-as-verb-and-adverb `v#e` (via take); questions.md#polar-stance `yaol / yaom` (via take); sakes.md#consent `thuxegam` (via take),,,
1004,announce,,triage,,,,,example only
1006,independent,,translate,,numbers.md#number-as-discourse-marker-by-marker `ru`; joins.md#beginner-forms `zem` (via main); joins.md#clause-joins `zazawan vowogal xel xur.` (via main); hooks.md#hook-resume `or …` (via main),,,
1007,recommend,,triage,,,,,
1008,survey,,translate,,say-tense.md#tense-jobs `thodum` (via view); knowing.md#live-vs-memory `thodum` (via view); roles.md#viewpoint-laterals `th` (via view); knowing.md#phasal `hagel` (via sight),,,
1009,majority,,translate,ehoba 🦛 bulk (bulk),,,,
1010,stick,,translate,ohozu 🕹️ joystick (joystick); ona 🪢 bond (bond),roles.md#the-extra-b-party-o `gonam` (via bond); roles.md#beginner-translation-practice `onam` (via bond); roles.md#beginner-english-to-agazan `gonam` (via bond); roles.md#beginner-agazan-to-english `gonam` (via bond),,,
1012,rich,,translate,,sakes.md#thanks-sorry `…thul behodon` (via deep); phonology.md#phonotactics-word-shape `x` (via productive),,,
1016,budget,,triage,,,,,
1017,famous,,translate,,join-across-roles.md#stance-joins `thul` (via noted); say-people-places.md#different `gul` (via noted); join-across-roles.md#standalone-stance-joins `thul` (via noted); joins.md#negation-u `gul` (via noted),,,
1019,appropriate,,translate,ababu 🛢️ reserve (reserve); umuve 🎥 capture (capture),sakes.md#permission `thegal` (via allow); say-tense.md#can-may `thegal / thegam / thegar` (via allow); numbers.md#special-number-as-stance `th+e` (via allow); say-questions.md#set-single-item-under-question `…om` (via allow),,,
1020,block,,translate,adazo 🌆 closure (closure); azada 🛑 stop (stop); agoza 🚧 blockage (blockage),say-reasons.md#phase-verbs `vazadal` (via stop); spans.md#beginner-translation-practice `vazadal` (via stop); numeric-derivation.md#scalar-digit-morphs-n-n `ROOTl+8` (via blockage); spans.md#pos `v[vazadal]` (via stop),,,
1021,warm,,translate,,say-reasons.md#epistemic-because `thevel` (via strong); say-reasons.md#emotion-stimulus-time `therul` (via strong); knowing.md#evidence-strength `thunol` (via strong); knowing.md#forecast `therul` (via strong),,,
1022,count,,translate,azahe 👀 look (look),numbers.md#ordinals `ra`; say-tense.md#tense-jobs `thamom`; restrictors.md#on-the-following-adjective-w `/h/`; numbers.md#how-many `g=+`,,,
1023,scene,,translate,,roles.md#the-scene-e `dexezebal`; roles.md#beginner-english-to-agazan `dexezoger`; roles.md#beginner-agazan-to-english `dexezebal`; knowing.md#intermediate-translation-practice `thodum`,,,
1024,writer,,triage,,,,,
1026,prevent,,translate,,intention.md#endings-—-commitment `thudol` (via keep); dependents.md#orthography-and-prosody-periods `/x/` (via keep); intention.md#want-endings `thuhul` (via keep); numbers.md#digitless `ru / …-` (via keep),,,
1027,safe,,translate,eveza 🦺 safety (safety),comparatives.md#sake-benchmarks `zuhon` (via safety); sakes.md#sake-inventory `uho` (via safety); sakes.md#emotion-compose `oe` (via safety); intention.md#endings-—-changeability `thehal` (via good),,,example only
1028,invite,,translate,,sakes.md#prescription-the-ought-this-act-for-this-sake `thuhothel`; sakes.md#intermediate-english-to-agazan `thuhothel`; sakes.md#which-ending-table `the`; sakes.md#attachment-sites `th…the…`,,,
1029,mix,,translate,agoge 🍸 blend (blend); aheva 🔀 shuffle (shuffle),,,,
1030,element,,translate,,numbers.md#number-as-adverb-by-marker `ra` (via factor),,,
1031,effective,,translate,,intention.md#endings-—-changeability `thehal` (via good); knowing.md#phasal `huhal` (via good),,,
1034,admit,,translate,,join-across-roles.md#join-act-verbs `vaon`; numbers.md#ordinal-rank-annihilated-0e `v#0e` (via take); numbers.md#special-number-as-verb-and-adverb `v#e` (via take); questions.md#polar-stance `yaol / yaom` (via take),,,
1035,beat,,translate,agaya 😍 crush (crush); ahode 💓 heartbeat (heartbeat); eheho 🐚 shell (shell); adavo 🥁 drum (drum); adavo 🥁 rhythm (rhythm); ababa 💷 pound (pound); ezeze 📐 meter (meter),say-amounts.md#measured-differentials `bezezem` (via meter); numbers-applied.md#measure-phrases `bezezem` (via meter); numbers-applied.md#intermediate-translation-practice `ezezem` (via meter); numbers-applied.md#intermediate-english-to-agazan `bezezem` (via meter),,,
1036,telephone,,translate,ereha 💍 ring (ring); ovavo 📱 phone (phone),questions.md#intermediate-translation-practice `ovavol` (via phone); questions.md#intermediate-agazan-to-english `dovavol` (via phone); joins.md#intermediate-translation-practice `erehal` (via ring); joins.md#intermediate-english-to-agazan `gerehal` (via ring),,,
1037,copy,,triage,,,,,
1038,committee,,triage,,,,,
1039,aware,,triage,,,,,
1040,advice,,triage,,,,,
1041,handle,,translate,egehe 🫶 care (care); abahu 🌴 palm (palm),questions.md#rhetorical `vegehel` (via care); say-people-places.md#people-handles-practice `ezuden`; say-people-places.md#named-handles `zubugan`; join-across-roles.md#join-act-verbs `van` (via hold),,,
1043,trial,,translate,araha 🏃 run (run),roles.md#role-compounds `varahal` (via run); say-people-places.md#which-noun-with-resume-and-kinds `varahal` (via run); joins.md#and-lists-a `varahal` (via run); dependents.md#dependent-clauses `varahal` (via run),,,
1046,administration,,translate,adabu 📑 organization (organization); eledo 🚮 disposal (disposal),,,,
1047,complex,,triage,,,,,
1048,text,,triage,,,,,
1049,context,,translate,,numbers.md#number-as-verb-by-marker `ra`; sakes.md#unmet-thu-detracts-from-the-sake `…thum` (via circumstance),,,
1050,ride,,translate,adeze 😜 tease (tease); ehahe 🪑 sit (sit),dependents.md#which-person-or-thing-who-that-which `vehahel` (via sit); pronouns.md#resume-r `vehahel` (via sit); plurality.md#associative `vehahel` (via sit); say-people-places.md#which-noun-with-resume-and-kinds `vehahel` (via sit),,,
1051,directly,,translate,,clause.md#role-letters `/d/`; numbers.md#parts-of-speech-on-numbers `/d/`; sakes.md#time-horizon-endings-on-met `guduthar` (via immediately); sakes.md#beginner-agazan-to-english `guhothar` (via immediately),,,
1053,remove,,translate,oboza 📮 dispatch (dispatch),numbers.md#number-as-verb-by-marker `ru`; numbers.md#ordinal-rank-annihilated-0e `v#0e` (via take); numbers.md#special-number-as-verb-and-adverb `v#e` (via take); questions.md#polar-stance `yaol / yaom` (via take),,,
1054,conduct,,translate,ebeho 🐻 bear (bear); alaga 🧳 carry (carry),hooks.md#deixis `valagal` (via carry); say-people-places.md#antecedent-was-an-adverb-h `/v/ / -r` (via doings); say-people-places.md#antecedent-was-a-verb-v `/w/ / -r` (via doings); pronouns.md#cross-role-recast `/h/ / -r` (via doings),,,
1055,equipment,,triage,,,,,
1056,otherwise,,translate,,dependents.md#orthography-and-prosody-periods `.`; joins.md#full-single-item-and-standalone-inventories `zur` (via other than); restrictors.md#unspecified-member-r `hur` (via other than); joins.md#rare-arities-and-edge-readings `A B zar / zur / zual` (via other than),,,
1057,title,,translate,edede ™️ claim (claim),knowing.md#advanced-translation-practice `ededem` (via claim); knowing.md#advanced-english-to-agazan `gededem` (via claim); say-people-places.md#people-handles-practice `ezudexahazen`; spans.md#exact-paraphrase-proper `@`,,,
1058,extra,,translate,,hooks.md#discourse-hooks `al` (via additional); hooks.md#beginner-english-to-agazan `al` (via additional); hooks.md#beginner-agazan-to-english `al` (via additional); hooks.md#discourse-placements `al` (via additional),,,
1059,executive,,triage,,,,,
1061,expensive,,triage,,,,,
1062,sample,,translate,,say-tense.md#will-want `thudom` (via try); intention.md#endings-—-commitment `thudom` (via try); sakes.md#prescription-the-ought-this-act-for-this-sake `…ther` (via try); knowing.md#hold-endings-notional `thovel` (via try),,,
1063,sex,,triage,,,,,
1064,deliver,,translate,ezeva 🦸 save (save); ebeho 🐻 bear (bear); alavu 🛟 rescue (rescue); ebezo 🎁 present (present); eweza ⬅️ return (return); abayo 🏳️ surrender (surrender),sakes.md#time-horizon-endings-on-met `zebezol` (via present); numeric-derivation.md#label-code-sense `ROOTl_` (via bear); say-tense.md#must-should `thenem / the` (via have); say-tense.md#tense-jobs `thover` (via have),,,
1065,video,,translate,edevo 📺 television (television),,,,
1067,primary,,translate,,numeric-derivation.md#scalar-digit-morphs-n-n `ROOTl+1`; numeric-derivation.md#quasi-n-e-1-e-2 `ROOTl-e-1`; joins.md#beginner-forms `zem` (via main); joins.md#clause-joins `zazawan vowogal xel xur.` (via main),,,
1069,collect,,translate,,sakes.md#personal-possession `zabezum` (via gather); sakes.md#attachment-sites `/w/ / gobom` (via gather); numeric-derivation.md#infinite-landmark-labels-e-e-1e `ROOTl_1e` (via cod); numeric-derivation.md#hyperbole-sense-1e-1e-1e `ROOTl_1e-` (via cod),,,
1070,inform,,triage,,,,,
1071,principle,,translate,,knowing.md#advanced-translation-practice `thebel` (via rule); knowing.md#advanced-english-to-agazan `thebel` (via rule); knowing.md#advanced-agazan-to-english `thebel` (via rule); say-tense.md#must-should `themehol` (via rule),,,
1072,straight,,translate,,numeric-derivation.md#scalar-digit-morphs-n-n `ROOTl+4` (via square); questions.md#polar-stance-fuller-inventory `ae / yael` (via true); questions.md#polar-stance `yael / yaem` (via true); predication.md#label-scope `tho` (via true),,,
1074,highly,,translate,,clause.md#degree-w `wohahal` (via extremely),,,
1076,wonderful,,triage,,,,,
1077,flat,,translate,,plurality.md#adjectives-g `zavahal gagegem` (via level); say-people-places.md#antecedent-was-an-adverb-h `/w/ / -r` (via level); comparatives.md#judgment-benchmarks-worse-than `zereben` (via level); spans.md#edge `e` (via level),,,
1078,absolutely,,translate,,numeric-derivation.md#limit-polarity-stage-digitless `ROOTl-e`; numbers.md#zero-exponent-referential `g-0e`; numeric-derivation.md#zero-×-exponent-0e-±0e-1 `ROOTl+0e`,,,
1080,fair,,translate,,comparatives.md#advanced-translation-practice `eyen` (via average); comparatives.md#advanced-english-to-agazan `zeyen` (via average); comparatives.md#advanced-agazan-to-english `zeyen` (via average); clause.md#degree-w `wadeham`,,,
1082,responsible,,triage,,,,,
1085,hang,,translate,eheve 🪼 flow (flow); adahe ⏬ fall (fall),restrictors.md#intermediate-translation-practice `vadahel` (via fall); restrictors.md#intermediate-english-to-agazan `vadahel` (via fall); restrictors.md#intermediate-agazan-to-english `vadahel` (via fall); sakes.md#emotion-compose `zezebel wuduthuraor gobom`,,,
1086,negative,,translate,amaho ➖ minus (minus),numbers.md#marker-not-written-as-r-v `-`; numbers.md#bare-oom `g-e3`; numbers.md#advanced-agazan-to-english `gruowol`; numbers.md#special-referential `g~-e`,,,
1087,band,,translate,ereha 💍 ring (ring),joins.md#intermediate-translation-practice `erehal` (via ring); joins.md#intermediate-english-to-agazan `gerehal` (via ring); joins.md#intermediate-agazan-to-english `gerehal` (via ring); numbers.md#bare-oom `g+e6`,,,
1088,relative,,translate,,predication.md#scope-relative `gelehothom`; numbers.md#from-the-end-—-end-relative-ordinal-marker-ue `g=#-2`; predication.md#intermediate-english-to-agazan `valahathol`; predication.md#intermediate-agazan-to-english `gelehothom`,,,
1089,tour,,translate,uvude 👣 go (go); areve 🔄 turn (turn),roles.md#intermediate-translation-practice `vuvudel` (via go); hooks.md#deixis `vuvudel` (via go); roles.md#goal-source-path `…oexROOT…` (via go); numbers.md#ordinal-rank-annihilated-0e `h#0e` (via turn),,,
1091,software,,translate,abego 📦 package (package),clause.md#advanced-translation-practice `abegol` (via package); clause.md#advanced-agazan-to-english `dabegol` (via package); hooks.md#deixis `dabegol` (via package),,,
1092,pair,,translate,agaba 💑 couple (couple); emeda 🧉 mate (mate); ebevu 🌉 span (span),numeric-derivation.md#scalar-digit-morphs-n-n `ROOTl+2`; numeric-derivation.md#quasi-n-e-1-e-2 `ROOTl-e-2`; numeric-derivation.md#limit-polarity-stage-digitless `ROOTl-e-`; spans.md#endings `xuxul` (via span),,,
1095,cheap,,triage,,,,,
1096,double,,translate,erebe 🔁 repeat (repeat),numeric-derivation.md#scalar-digit-morphs-n-n `ROOTl+8`; pronouns.md#how-english-approximates-r `/y/ / -r` (via repeat); predication.md#label-scope `the` (via repeat); say-people-places.md#antecedent-was-y-or-x `/y/ / /x/ / -r` (via repeat),,,
1098,observe,,translate,azadu 🫡 respect (respect); awaha ⌚ watch (watch); aneha 🎖️ honor (honor); onoda 🎵 note (note); amega 🔍 find (find),word-endings.md#proper-name--n `/v/`; intention.md#endings-—-commitment `thudol` (via keep); dependents.md#orthography-and-prosody-periods `/x/` (via keep); intention.md#want-endings `thuhul` (via keep),,,
1099,sentence,,translate,adaha 🕐 time (time),word-endings.md#continue-x-overview `linker + -l / -m`; dependents.md#orthography-and-prosody-periods `Stand-in hang`; restrictors.md#sometimes-anytime-some-other-time `hur` (via time); sakes.md#time-horizon-endings-on-met `…thal` (via time),,,
1100,print,,translate,,spans.md#close-forms-complete-editorial-close-all `xuxum` (via mark); x-compounds.md#one-thing-or-two `two words` (via mark); word-endings.md#the-three-endings `azawam` (via publish); numeric-derivation.md#scalar-digit-morphs-n-n `ROOTl+1` (via publish),,,
1102,truth,,translate,,speech-moves.md#speech-manner `thaveham`; questions.md#polar-stance-fuller-inventory `ae / yael` (via the true); questions.md#polar-stance `yael / yaem` (via the true); predication.md#label-scope `tho` (via the true),,,
1104,examine,,translate,ahaha 👁️ see (see),numbers-applied.md#digit-strings `vahahal` (via see); say-people-places.md#as-for `vahahal` (via see); say-questions.md#echo `vahahal` (via see); say-people-places.md#which-noun-with-resume-and-kinds `vahahal` (via see),,,
1105,lay,,translate,ehahe 🪑 position (position),intention.md#endings-—-map-resolution `thumam`; speech-moves.md#speech-manner `thagazam` (via put); join-across-roles.md#join-act-verbs `vaen` (via put); numbers.md#number-as-verb-by-marker `re` (via put),,,
1106,speed,,translate,,english.md#for `hagom / /b/` (via race),,,
1107,politics,,triage,,,,,
1108,reply,,translate,,relations.md#social-relations `gagawum / /b/` (via answer),,,
1109,display,,translate,,numbers.md#number-as-stance-by-marker `ro` (via exhibit),,,
1110,transfer,,translate,emeba 🍁 change (change); oveze 🏤 conveyance (conveyance),knowing.md#evidentiality `thodum` (via channel); word-endings.md#proper-name--n `/h/` (via channel); numbers.md#number-as-verb-by-marker `ro` (via channel); numbers.md#number-as-adverb-by-marker `ro` (via channel),,,
1111,perfect,,translate,,numbers.md#advanced-translation-practice `azal` (via staring); numbers.md#advanced-english-to-agazan `dazal` (via staring); numbers.md#advanced-agazan-to-english `zazal` (via staring); numeric-derivation.md#scalar-digit-morphs-n-n `ROOTl+7` (via complete),,,
1113,overall,,triage,,,,,
1115,user,,triage,,,,,
1116,respond,,translate,,relations.md#social-relations `gagawum / /b/` (via answer),,,
1117,dinner,,triage,,,,,
1119,regular,,translate,,causation.md#only-because `hazem thodom barl` (via even); dependents.md#dependent-clauses `hazem barl` (via even); joins.md#full-single-item-and-standalone-inventories `zaem` (via even),,,
1120,physical,,triage,,,,,
1121,apart,,translate,,spans.md#asides-th `th(hagawal)` (via aside); spans.md#beginner-english-to-agazan `th(hagawal)` (via aside); spans.md#intermediate-agazan-to-english `thexol` (via aside); spans.md#advanced-english-to-agazan `thexol` (via aside),,,
1122,suit,,translate,ewega 😉 courtship (courtship),causation.md#cause `thegem` (via cause); say-reasons.md#reasons-causation-practice `thegem` (via cause); causation.md#make `thegem` (via cause); causation.md#intermediate-translation-practice `thegem` (via cause),,,
1123,federal,,translate,ewede 💒 union (union),,,,
1124,reveal,,translate,,numbers.md#ambient-magnitude-casual `g+3e0` (via break),,,
1127,status,,translate,ehahe 🪑 position (position),causation.md#only-because `thodom / godom` (via condition); questions.md#why `thodom bar` (via condition); causation.md#only-if `thodom / godom` (via condition),,,
1128,crime,,translate,anage 💢 offense (offense),,,,
1130,decade,,translate,,numbers-applied.md#intermediate-agazan-to-english `z+10` (via ten); numbers.md#bare-oom `g+e1` (via ten); numbers.md#intermediate-spoken-to-written `g+10` (via ten); numeric-derivation.md#scalar-digit-morphs-n-n `ROOTl+9` (via ten),,,
1133,consumer,,triage,,,,,
1134,favor,,translate,,say-questions.md#rank-single-item-under-question `…em` (via prefer); numbers-applied.md#measure-phrases `gezezem g+2` (via prefer),,,
1135,dry,,triage,,,,,
1138,spot,,translate,obo ☝️ point (point); oveza 🏢 office (office); ehahe 🪑 position (position),say-people-places.md#people-handles-practice `ezuden` (via office); say-people-places.md#named-handles `zubugaxalahen` (via office); numbers.md#how-many `brer` (via place); numbers.md#advanced-agazan-to-english `yrebal` (via place),,,
1140,eventually,,translate,,numbers.md#advanced-english-to-agazan `xrebal` (via finally); numbers.md#special-number-as-interjection `y~#e` (via finally); phonology.md#phonotactics-word-shape `-rl / -rm` (via finally); numeric-derivation.md#limit-polarity-stage-digitless `ROOTl#e` (via finally),,,
1142,excite,,translate,araze 🦏 charge (charge),sakes.md#emotion-compose `o` (via charge),,,
1143,reader,,triage,,,,,
1145,distance,,translate,erega 🚃 length (length),x-compounds.md#families-by-shape `x / a / o / e / u` (via length); numeric-derivation.md#infinite-landmark-labels-e-e-1e `ROOTl_e` (via space),,,
1146,guide,,translate,obo ☝️ point (point); araha 🏃 run (run); ehada 🧑‍🦲 head (head),roles.md#role-compounds `varahal` (via run); say-people-places.md#which-noun-with-resume-and-kinds `varahal` (via run); joins.md#and-lists-a `varahal` (via run); dependents.md#dependent-clauses `varahal` (via run),,,
1149,feed,,translate,araha 🏃 run (run); eheve 🪼 flow (flow); agude 🍴 eat (eat),comparatives.md#vague-amounts `vagudel` (via eat); roles.md#role-compounds `varahal` (via run); say-people-places.md#which-noun-with-resume-and-kinds `varahal` (via run); joins.md#and-lists-a `varahal` (via run),,,
1150,pain,,translate,agahu 😭 anguish (anguish); avahu 🪰 annoyance (annoyance),,,,
1151,sector,,triage,,,,,
1152,mistake,,translate,,numbers.md#stacked-markers `+-` (via error); causation.md#fault `theral` (via fault); say-reasons.md#emotion-blame `theral` (via fault); causation.md#intermediate-translation-practice `theral` (via fault),,,
1153,ensure,,translate,ahaha 👁️ see (see); anaba 🎛️ control (control); eha ✅ check (check),numbers-applied.md#digit-strings `vahahal` (via see); say-people-places.md#as-for `vahahal` (via see); say-questions.md#echo `vahahal` (via see); say-people-places.md#which-noun-with-resume-and-kinds `vahahal` (via see),,,
1154,satisfy,,translate,,questions.md#fill-ask `zar / var / xar` (via fill); say-questions.md#set-standalone-under-question `…or` (via fill); relations.md#of-relations `haham / gaham` (via fill); say-questions.md#set-single-item-under-question `…or` (via fill),,,
1155,chief,,translate,ehada 🧑‍🦲 head (head),relations.md#social-relations `gagawum / /b/` (via boss); hooks.md#advanced-translation-practice `owogaloel` (via head); hooks.md#advanced-english-to-agazan `vowogaloel` (via head); hooks.md#advanced-agazan-to-english `vowogaloel` (via head),,,
1157,expert,,translate,,comparatives.md#judgment-benchmarks-worse-than `zegun`; intention.md#endings-—-changeability `thehal` (via good); knowing.md#phasal `huhal` (via good); english.md#for `hagom / /b/` (via practiced),,,
1160,labor,,translate,,sakes.md#emotion-compose `ue` (via push),,,
1161,surface,,translate,ogodu 🧥 coat (coat); odo 🚪 open (open); abaha ⏫ rise (rise),join-across-roles.md#intermediate-agazan-to-english `gaon` (via open); questions.md#beginner-translation-practice `ogodul` (via coat); questions.md#beginner-english-to-agazan `dogodul` (via coat); spans.md#endings `-l`,,,
1162,library,,triage,,,,,
1163,excellent,,translate,,numeric-derivation.md#ordinal-digit-morphs-n `ROOTl#1` (via first-class),,,
1164,edge,,translate,onoho 🚷 boundary (boundary),relations.md#locative-relations `hebevum / gebevum`; spans.md#scope-islands `Join outside with island nearby`; numbers.md#special-number-as-verb-and-adverb `v+e` (via bound); numbers.md#stacked-markers `+-` (via bound),,,
1166,audience,,translate,,say-people-places.md#someones-act `vemal` (via hearing); dependents.md#sentence-linkers `vemal` (via hearing); x-compounds.md#one-thing-or-two `x` (via hearing),,,
1168,procedure,,translate,ahe 🐹 routine (routine),,,,
1170,global,,translate,,say-tense.md#future `bral` (via world),,,
1172,advertise,,translate,,sakes.md#emotion-compose `ue` (via push),,,
1173,select,,translate,aba 🗳️ choice (choice),join-across-roles.md#intermediate-english-to-agazan `von` (via choose); join-across-roles.md#intermediate-agazan-to-english `von` (via choose); numbers.md#ordinal-rank-annihilated-0e `v#0e` (via take); numbers.md#special-number-as-verb-and-adverb `v#e` (via take),,,
1174,surround,,translate,ereha 💍 ring (ring),joins.md#intermediate-translation-practice `erehal` (via ring); joins.md#intermediate-english-to-agazan `gerehal` (via ring); joins.md#intermediate-agazan-to-english `gerehal` (via ring); x-compounds.md#families-by-shape `x` (via fence),,,
1175,extent,,triage,,,,,
1176,river,,triage,,,,,
1177,annual,,triage,,,,,
1178,fully,,translate,,intention.md#endings-—-map-resolution `thumal`; numeric-derivation.md#limit-polarity-stage-digitless `ROOTl-e-`; pronouns.md#resume-r `vezebar` (via to the full); say-people-places.md#day-when `hazazar` (via to the full),,,
1180,roll,,translate,eweva 👋 wave (wave); azawa 🦢 swan (swan); ewawe 🛞 wheel (wheel); ewedu 🌬️ wind (wind); azo 📜 scroll (scroll),sakes.md#beginner-translation-practice `ewedul` (via wind); sakes.md#beginner-english-to-agazan `zewedul` (via wind); word-endings.md#concrete-l `azawal` (via swan); pronouns.md#resume-r `dazor` (via scroll),,,
1181,reality,,translate,,say-tense.md#future `bral` (via world),,,
1182,photograph,,translate,ezowe 🩱 exposure (exposure),,,,
1183,artist,,triage,,,,,
1185,entire,,translate,,pronouns.md#resume-r `vezebar` (via full); say-people-places.md#day-when `hazazar` (via full); say-people-places.md#someones-act `dowogar` (via full); pronouns.md#beginner-english-to-agazan `vugugar` (via full),,,
1187,crowd,,translate,,sakes.md#emotion-compose `ue` (via push),,,
1188,corner,,translate,edehu 🌳 tree (tree),roles.md#viewpoint-vs-landmark `bedehul` (via tree); plurality.md#adjectives-g `zavabalx` (via box),,,
1189,gas,,triage,,,,,
1190,shift,,translate,avawa 🐸 transformation (transformation); emeba 🍁 change (change); ededo 🧸 teddy (teddy),word-endings.md#continue-x-overview `/x/`; causation.md#fault `theral` (via fault); say-reasons.md#emotion-blame `theral` (via fault); causation.md#intermediate-translation-practice `theral` (via fault),,,
1191,net,,translate,agebe 🕸️ network (network),numbers.md#advanced-english-to-agazan `xrebal` (via final); say-amounts.md#numbered-alternatives-problem-solution-goal `agol`; speech-moves.md#speech-manner `thagazam` (via clear); comparatives.md#judgment-benchmarks-worse-than `zebeyum zeyen zuem gagazam` (via clear),,,
1192,category,,translate,avaha 👪 family (family),hooks.md#including-am-al `zavahal` (via family); hooks.md#except-ul `zavahal` (via family); hooks.md#closed-and-open-endings `zavahal` (via family); hooks.md#extra-noun `bavahal` (via family),,,
1193,secretary,,triage,,,,,
1195,quick,,translate,,sakes.md#time-horizon-endings-on-met `guduthar` (via immediate); sakes.md#beginner-agazan-to-english `guhothar` (via immediate); sakes.md#intermediate-english-to-agazan `thonathor` (via immediate); sakes.md#intermediate-agazan-to-english `thonathor` (via immediate),,,example only
1197,spread,,translate,arahu 🤠 ranch (ranch); erede 📻 broadcast (broadcast); odo 🚪 open (open),say-people-places.md#antecedent-was-a-noun-z-d-or-b `veredem` (via broadcast); say-people-places.md#antecedent-was-a-verb-v `veredem` (via broadcast); say-people-places.md#antecedent-was-an-adjective-ɡ `veredem` (via broadcast); say-people-places.md#antecedent-was-an-adjective-extra-w `veredem` (via broadcast),,,
1198,nuclear,,translate,,spans.md#shape `daxol` (via atomic); spans.md#intermediate-english-to-agazan `daxol` (via atomic); spans.md#intermediate-agazan-to-english `doxon` (via atomic); spans.md#advanced-english-to-agazan `thexol` (via atomic),,,
1200,driver,,triage,,,,,
1203,introduction,,translate,oboga 🧑‍💻 innovation (innovation); aguga 🏛️ institution (institution); era 🧱 foundation (foundation),x-compounds.md#one-thing-or-two `dictionary word` (via entry); knowing.md#universality `… hual … thehol` (via founding),,,
1204,requirement,,translate,ebo 🧻 necessity (necessity),sakes.md#requirement `themehom` (via demand); sakes.md#intermediate-agazan-to-english `themehom` (via demand); say-tense.md#must-should `themehom` (via demand); knowing.md#universality `thalul` (via necessity),,,
1207,senior,,translate,elade 🧓 elder (elder),,,,
1208,photo,,translate,ezowe 🩱 exposure (exposure),,,,
1210,transport,,translate,egeva 😀 delight (delight); oveze 🏤 conveyance (conveyance); eheba 🚢 ship (ship); alaga 🧳 carry (carry),hooks.md#deixis `valagal` (via carry); roles.md#intermediate-translation-practice `ehebal` (via ship); roles.md#intermediate-english-to-agazan `zehebal` (via ship); roles.md#intermediate-agazan-to-english `zehebal` (via ship),,,
1211,emerge,,triage,,,,,
1213,concept,,translate,aguza 👷 construct (construct),roles.md#beginner-translation-practice `aguzal` (via construct); roles.md#beginner-english-to-agazan `vaguzal` (via construct); roles.md#beginner-agazan-to-english `vaguzal` (via construct); roles.md#result `vaguzal` (via construct),,,
1215,reform,,triage,,,,,
1218,survive,,translate,uvude 👣 go (go),say-tense.md#progressive `thodum` (via live); say-reasons.md#residue-against-a-snapshot `thodum` (via live); knowing.md#evidentiality `thodum` (via live); knowing.md#evidence-clause `thodum` (via live),,,
1219,flight,,translate,abahu 🌴 escape (escape),,,,
1221,solve,,translate,,say-amounts.md#numbered-alternatives-problem-solution-goal `ehegom`; english.md#for `el / /b/` (via work); spans.md#exact-paraphrase-proper `@` (via work); sakes.md#sake-inventory `udu` (via work),,,
1222,neighbor,,triage,,,,,
1223,background,,translate,agu 🗾 scope (scope); agudu 🟫 ground (ground),english.md#as `thevem barl / thabem barl` (via ground); say-reasons.md#english-cues `barl / thevem barl / thabem barl` (via ground); numbers.md#stacked-markers `#_` (via ground); x-compounds.md#families-by-shape `th / a / e / o / u` (via scope),,,
1224,technique,,triage,,,,,
1225,traffic,,triage,,,,,
1227,tool,,translate,,english.md#by `ael / /b/`; roles.md#instrument `daexaradal` (via instrument); roles.md#intermediate-english-to-agazan `daexavadar` (via instrument),,,
1229,circumstance,,translate,,sakes.md#unmet-thu-detracts-from-the-sake `…thum`; causation.md#only-because `thodom / godom` (via condition); questions.md#why `thodom bar` (via condition); causation.md#only-if `thodom / godom` (via condition),,,
1230,smoke,,translate,uzaga 🦨 skunk (skunk),,,,
1231,reaction,,triage,,,,,
1233,busy,,triage,,,,,
1234,lesson,,translate,,hooks.md#stacked-discourse `aol` (via example); hooks.md#intermediate-agazan-to-english `aol` (via example); numbers.md#stacked-markers `#_` (via example),,,
1236,mass,,translate,ehoba 🦛 bulk (bulk); amada ⛰️ mountain (mountain); agawa 🔈 volume (volume),say-amounts.md#denominator-portion-of-what `bebezalx g+5%` (via people); plurality.md#where-x-sits `person-role specials` (via people); sakes.md#permission `therer` (via people); plurality.md#person-role-x `amegunx` (via people),,,
1237,funny,,translate,,numbers.md#ordinal-umpteenth-umpteenth-first-re-ba∅-bu∅ `y#1e` (via comic); numeric-derivation.md#hyperbole-sense-1e-1e-1e `ROOTl+1e` (via comic); numeric-derivation.md#infinite-landmark-labels-e-e-1e `ROOTl_1e` (via comic),,,
1238,contribute,,translate,agavo 💳 lend (lend),numbers.md#ordinal-umpteenth-umpteenth-first-re-ba∅-bu∅ `v+1e` (via add); join-across-roles.md#clause-sequence `xan` (via add); join-across-roles.md#join-act-verbs `van` (via add); joins.md#invert-ua-uo-ue `ua` (via add),,,
1240,schedule,,translate,,knowing.md#evidentiality `therum`; numbers.md#ordinal-umpteenth-umpteenth-first-re-ba∅-bu∅ `x#1e` (via agenda); word-endings.md#continue-x-overview `/x/` (via agenda); numbers.md#number-as-discourse-marker-by-marker `ro` (via agenda),,,
1242,bottom,,translate,ezeda 💺 seat (seat); ebeda 🛏️ bed (bed),numbers.md#group-separator `zezedal` (via seat); numbers.md#intermediate-translation-practice `ezedal` (via seat); numbers.md#intermediate-english-to-agazan `zezedal` (via seat); numbers.md#intermediate-agazan-to-english `zezedal` (via seat),,,
1243,adopt,,translate,,numbers.md#ordinal-rank-annihilated-0e `v#0e` (via take); numbers.md#special-number-as-verb-and-adverb `v#e` (via take); questions.md#polar-stance `yaol / yaom` (via take); sakes.md#consent `thuxegam` (via take),,,
1244,combine,,translate,agoge 🍸 blend (blend); egeho 🦯 trust (trust),x-compounds.md#families-by-shape `x` (via compound); x-compounds.md#two-roots-one-word `a / e / u / o / x` (via compound); phonology.md#phonotactics-word-shape `x` (via compound); say-people-places.md#antecedent-was-a-verb-v `/z/ / /d/ / /b/ / -r` (via compound),,,
1247,hide,,translate,evewa 👰 veil (veil),joins.md#intermediate-translation-practice `evewal` (via veil); joins.md#intermediate-english-to-agazan `devewal` (via veil); joins.md#intermediate-agazan-to-english `zevewal` (via veil); sakes.md#emotion-compose `u`,,,
1248,marriage,,translate,evewa 👰 matrimony (matrimony); ewede 💒 wedding (wedding); ewede 💒 union (union),,,,
1250,meal,,triage,,,,,
1251,colleague,,triage,,,,,
1252,bag,,translate,abeza 👛 purse (purse); ahaba 👜 handbag (handbag),english.md#for `el / /b/`; numeric-derivation.md#label-code-sense `debudelrowol` (via dish),,,
1258,owner,,triage,,,,,
1259,plane,,translate,ehevo 💈 shave (shave); ereba ✈️ airplane (airplane),intention.md#plan `thumam`; say-tense.md#future `thumam`; say-reasons.md#plan-and-forecast-against-a-snapshot `thumar`; say-reasons.md#reasons-plans-practice `thumar`,,,
1260,commercial,,triage,,,,,
1261,lady,,triage,,,,,
1262,duty,,translate,ahaba 👜 responsibility (responsibility),,,,
1265,cultural,,triage,,,,,
1266,arrange,,translate,ebedo 🍱 order (order); edeza 👗 dress (dress),say-questions.md#set-standalone-under-question `…aol` (via set); join-across-roles.md#join-act-verbs `vuan` (via set); plurality.md#where-x-sits `/ɡ/` (via set); joins.md#standalone-phrase `A B zam` (via set),,,
1268,payment,,triage,,,,,
1269,unfortunately,,triage,,,,,
1272,demonstrate,,translate,odu 👁️‍🗨️ attest (attest); ebezo 🎁 present (present); ezego 📶 evidence (evidence),spans.md#intermediate-translation-practice `vodul` (via attest); spans.md#intermediate-english-to-agazan `vodul` (via attest); spans.md#intermediate-agazan-to-english `vodul` (via attest); questions.md#intermediate-translation-practice `vodul` (via attest),,,
1273,contribution,,translate,,relations.md#of-relations `gabom` (via part); causation.md#fault `therar` (via part); english.md#of `gabom / gaham / guwam / /b/` (via part); numeric-derivation.md#scalar-digit-morphs-n-n `ROOTl+3` (via part),,,
1274,appreciate,,translate,ehezo 💎 value (value); edahe 🪎 treasure (treasure),say-amounts.md#unspecified-value-in-the-range-r `zraval ar zrabal` (via value); numbers.md#parts-of-speech-on-numbers `/z/` (via value); numbers.md#digitless-exponents `ba / bu` (via value); numbers-applied.md#named-ranges `zrarel ar zraval` (via value),,,
1275,chapter,,translate,,numbers.md#how-many `g=#`,,,
1277,apparently,,translate,,speech-moves.md#speech-manner `thagazam` (via plainly); plurality.md#adjectives-g `zavabalx garagam` (via plainly); numbers.md#zero-exponent-referential `g+0e` (via plainly); roles.md#arrow-rose-compass-vs-face `onoval` (via on the face of it),,,
1278,novel,,translate,,say-questions.md#continuer `yaer` (via fresh); questions.md#polar-endings `yaer` (via fresh); numbers.md#number-endings `g+3 / g+` (via new); dependents.md#orthography-and-prosody-periods `/y/` (via new),,,
1280,burn,,translate,avahe 🔥 fire (fire),join-across-roles.md#vp-clause-forms `bavahel` (via fire); causation.md#beginner-translation-practice `avahel` (via fire); numbers.md#beginner-translation-practice `avahel` (via fire); causation.md#beginner-english-to-agazan `bavahel` (via fire),,,
1281,trend,,translate,,word-endings.md#proper-name--n `/ɡ/` (via style); numbers.md#marker-vowel-referential-identity `_` (via style); predication.md#label-scope `the` (via tendency); relations.md#of-relations `hozazom / gozazom` (via cut),,,
1282,initial,,triage,,,,,
1284,suggestion,,triage,,,,,
1285,critical,,triage,,,,,
1287,mostly,,translate,,joins.md#full-single-item-and-standalone-inventories `zer`; numbers-applied.md#rays `zrubal al zraval`; spans.md#endings `-r`; roles.md#endings-and-resume `-r`,,,
1288,earth,,translate,olo 🌐 globe (globe); agudu 🟫 ground (ground),english.md#as `thevem barl / thabem barl` (via ground); say-reasons.md#english-cues `barl / thevem barl / thabem barl` (via ground); numbers.md#stacked-markers `#_` (via ground); say-tense.md#future `bral` (via world),,,
1289,pop,,translate,ozode 🥤 soda (soda); adahe ⏬ down (down),roles.md#viewpoint-vs-landmark `hadahel` (via down); roles.md#intermediate-english-to-agazan `hadahel` (via down); roles.md#intermediate-agazan-to-english `hadahel` (via down); say-reasons.md#phase-verbs `vebeham` (via start),,,
1290,essential,,translate,ebo 🧻 necessity (necessity),knowing.md#universality `thalul` (via necessity); numeric-derivation.md#limit-polarity-stage-digitless `ROOTl+e` (via of the essence),,,
1291,desire,,translate,evege 🤞 hope (hope); egeho 🦯 trust (trust),say-reasons.md#hope-forecast `thevegem` (via hope); say-tense.md#will-want `thuhum` (via want); intention.md#want `thuhum` (via want); intention.md#want-endings `thuhur` (via want),,,
1292,promote,,translate,,sakes.md#emotion-compose `ue` (via push); hooks.md#discourse-hooks `al …` (via further); knowing.md#hold-endings-notional `thovem` (via further),,,
1293,currently,,translate,,sakes.md#time-horizon-endings-on-met `zebezol` (via presently); plurality.md#vocatives-y `yehodonx`; numbers-applied.md#ordinal-generation-—-digitful-exponent-on `g#3e0`; knowing.md#residue-and-former-climate `thamom`,,,
1294,employ,,translate,adage 🚕 hire (hire),english.md#of `em / /b/` (via use); say-people-places.md#antecedent-was-a-verb-v `/z/ / /d/ / /b/ / -r` (via use); intention.md#can-t-xe-xo-xu `xo` (via use); numeric-derivation.md#scalar-digit-morphs-n-n `ROOTl+1` (via use),,,
1295,path,,translate,,roles.md#goal-source-path `duoxowogal`; hooks.md#extra-noun `ul`; roles.md#intermediate-english-to-agazan `duoxowogal`; relations.md#locative-relations `hebevum / gebevum`,,,
1298,attract,,translate,ebeya 🥺 appeal (appeal),say-people-places.md#arrow-roots-as-talk-moves `azawem` (via pull); roles.md#gravity `adahel` (via pull); say-questions.md#rank-standalone-under-question `…aen` (via draw); joins.md#full-single-item-and-standalone-inventories `zael` (via draw),,,
1299,engage,,translate,adage 🚕 hire (hire),say-reasons.md#factivity-if-vs-because `galagel` (via lock); say-reasons.md#remote-unreal `galagel` (via lock); join-across-roles.md#join-act-verbs `von` (via lock); numbers.md#ordinal-rank-annihilated-0e `v#0e` (via take),,,
1300,powerful,,translate,,x-compounds.md#families-by-shape `x / a / e / o / u` (via right); roles.md#intermediate-translation-practice `ezadal` (via right); sakes.md#time-horizon-endings-on-met `…thar` (via right); intention.md#can-t-xe-xo-xu `xe` (via right),,,
1302,crisis,,triage,,,,,
1303,settle,,translate,adahe ⏬ fall (fall),restrictors.md#intermediate-translation-practice `vadahel` (via fall); restrictors.md#intermediate-english-to-agazan `vadahel` (via fall); restrictors.md#intermediate-agazan-to-english `vadahel` (via fall); knowing.md#hold-endings-may `thovol`,,,
1305,aid,,translate,egehe 🫶 care (care); azahe 👀 attention (attention); ahazu 🪴 tending (tending),questions.md#rhetorical `vegehel` (via care); english.md#of `gahazum / /b/` (via care); relations.md#social-relations `gahazum / /b/` (via care); sakes.md#sake-inventory `ona` (via care),,,
1307,kitchen,,triage,,,,,
1308,twice,,triage,,,,,example only
1309,fresh,,translate,,say-questions.md#continuer `yaer`; questions.md#polar-endings `yaer`; numbers.md#number-endings `g+3 / g+` (via new); dependents.md#orthography-and-prosody-periods `/y/` (via new),,,
1310,delay,,translate,abaze 🚏 wait (wait); eha ✅ check (check),join-across-roles.md#join-act-verbs `van` (via hold); numbers.md#special-number-as-stance `th-e-` (via hold); knowing.md#universality `… hual … thehol` (via check); sakes.md#thanks-sorry `…thal` (via stay),,,
1312,engineer,,translate,,numbers.md#zero-exponent-referential `g-0e-1`; numeric-derivation.md#zero-×-exponent-0e-±0e-1 `ROOTl-0e-1`; clause.md#role-letters `/d/` (via direct); numbers.md#parts-of-speech-on-numbers `/d/` (via direct),,,
1314,insurance,,translate,emeho 📝 policy (policy),sakes.md#requirement `themehol` (via policy); sakes.md#permission `therel` (via policy),,,
1315,nurse,,translate,eboze 🤱 breastfeed (breastfeed),join-across-roles.md#join-act-verbs `van` (via hold); numbers.md#special-number-as-stance `th-e-` (via hold),,,
1318,investigation,,translate,,intention.md#endings-—-commitment `thudor` (via probe),,,
1321,expand,,translate,ubuho 💥 boom (boom); abawe 🔆 amplify (amplify),,,,
1323,obvious,,triage,,,,,
1325,weapon,,triage,,,,,
1326,relatively,,translate,,predication.md#scope-relative `gelehothom`; numbers.md#from-the-end-—-end-relative-ordinal-marker-ue `g=#-2`; predication.md#intermediate-english-to-agazan `valahathol`; predication.md#intermediate-agazan-to-english `gelehothom`,,,
1327,host,,translate,,numbers.md#parts-of-speech-on-numbers `/b/`; say-people-places.md#antecedent-was-an-adjective-extra-w `/ɡ/ / -r`; say-people-places.md#antecedent-was-a-noun-z-d-or-b `/z/ / /d/ / /b/ / -r`; predication.md#label-scope `tho`,,,
1329,district,,triage,,,,,
1330,broad,,translate,ayaho 🧶 blanket (blanket),pronouns.md#resume-r `vezebar` (via full); say-people-places.md#day-when `hazazar` (via full); say-people-places.md#someones-act `dowogar` (via full); pronouns.md#beginner-english-to-agazan `vugugar` (via full),,,
1333,spirit,,translate,ahu ❤️ heart (heart); onoza 👃 smell (smell); azahe 👀 look (look); avoge 🌁 purport (purport),numbers.md#beginner-translation-practice `vonozal` (via smell); numbers.md#beginner-english-to-agazan `vonozal` (via smell); numbers.md#beginner-agazan-to-english `vonozal` (via smell); roles.md#intermediate-translation-practice `alavul` (via life),,,
1334,lunch,,triage,,,,,
1335,actual,,translate,,hooks.md#discourse-hooks `ol …`; numbers.md#number-endings `~ / g~+3 / g~+` (via literal); numeric-derivation.md#quasi-n-e-1-e-2 `ROOTl+2` (via real); numbers.md#special-number-as-verb-and-adverb `h~-e-` (via real),,,
1337,battle,,translate,avada 🫯 fight (fight); avada 🫯 struggle (struggle); uduhe ⚔️ conflict (conflict),intention.md#beginner-translation-practice `vavadal` (via fight); knowing.md#beginner-translation-practice `vavadal` (via fight); roles.md#the-event-itself `davadal` (via fight); intention.md#beginner-english-to-agazan `vavadal` (via fight),,,
1339,cash,,triage,,,,,
1340,hardly,,translate,,spans.md#endings `-l` (via barely); numbers.md#ambient-magnitude-casual `g+e0` (via barely); numbers.md#special-number-as-verb-and-adverb `h+e-` (via barely); numbers.md#number-as-discourse-marker-by-marker `re` (via barely),,,example only
1341,award,,translate,ebezo 🎁 present (present); aneha 🎖️ honor (honor),sakes.md#time-horizon-endings-on-met `zebezol` (via present); say-tense.md#can-may `thegam` (via grant); sakes.md#permission `thegam` (via grant); sakes.md#intermediate-english-to-agazan `thegam` (via grant),,,
1342,coach,,translate,edeha 🚆 train (train); abazu 🚌 bus (bus),relations.md#locative-relations `bedehal` (via train); clause.md#intermediate-translation-practice `edehal` (via train); relations.md#intermediate-translation-practice `edehal` (via train); clause.md#intermediate-english-to-agazan `zedehal` (via train),,,
1344,consideration,,translate,,relations.md#exchange `hogem / gogem`; numbers.md#number-as-discourse-marker-by-marker `ru`; sakes.md#unmet-thu-detracts-from-the-sake `…thum` (via circumstance); causation.md#only-because `thodom / godom` (via condition),,,
1345,strange,,translate,anada 🌃 unknown (unknown),joins.md#full-single-item-and-standalone-inventories `zar` (via unknown); say-questions.md#set-single-item-under-question `…ar` (via unknown); sakes.md#time-horizon-endings-on-met `…tham` (via unknown); sakes.md#unmet-thu-detracts-from-the-sake `…thum` (via unknown),,,
1346,code,,translate,,numeric-derivation.md#label-code-sense `ROOTl_`; numbers.md#parts-of-speech-on-numbers `/z/`; spans.md#type-vowels `u`; numbers.md#how-many `g=_`,,,
1348,threat,,translate,ogehe 👹 menace (menace),,,,
1349,accident,,triage,,,,,
1351,revenue,,translate,,questions.md#polar-stance-fuller-inventory `ae / yael` (via receipts); questions.md#polar-stance `yael / yaem` (via receipts),,,
1352,enable,,triage,,,,,
1353,afraid,,triage,,,,,
1354,active,,translate,,intention.md#beginner-translation-practice `vavadal` (via fighting); knowing.md#beginner-translation-practice `vavadal` (via fighting); roles.md#the-event-itself `davadal` (via fighting); intention.md#beginner-english-to-agazan `vavadal` (via fighting),,,
1355,conclude,,translate,,knowing.md#evidentiality `thevem` (via reason); english.md#as `theram barl` (via reason); english.md#for `tho / /th/` (via reason); say-tense.md#must-should `tho` (via reason),,,
1356,religious,,triage,,,,,
1358,convince,,triage,,,,,
1359,vary,,translate,emeba 🍁 change (change),knowing.md#phasal `huham` (via change); say-tense.md#tense-jobs `huham` (via change); intention.md#endings-—-changeability `theham` (via change),,,
1360,environmental,,triage,,,,,
1362,healthy,,translate,,intention.md#endings-—-changeability `thehal` (via goodly); knowing.md#phasal `huhal` (via goodly); english.md#of `gagum / /b/` (via sound),,,
1363,blow,,translate,ageza 🤭 shock (shock); ozezo 🌨️ snow (snow); azebe 💸 waste (waste); egevu ⤵️ setback (setback); aboge ◀️ reverse (reverse),restrictors.md#more-occasions `hozezol` (via snow); restrictors.md#intermediate-translation-practice `ozezol` (via snow); restrictors.md#intermediate-english-to-agazan `hozezol` (via snow); restrictors.md#intermediate-agazan-to-english `hozezol` (via snow),,,
1365,location,,translate,ehahe 🪑 position (position),sakes.md#unmet-thu-detracts-from-the-sake `…thul` (via fix); predication.md#label-scope `the` (via fix),,,
1366,invest,,translate,ezeda 💺 seat (seat),numbers.md#group-separator `zezedal` (via seat); numbers.md#intermediate-translation-practice `ezedal` (via seat); numbers.md#intermediate-english-to-agazan `zezedal` (via seat); numbers.md#intermediate-agazan-to-english `zezedal` (via seat),,,
1367,proceed,,translate,uvude 👣 go (go),roles.md#intermediate-translation-practice `vuvudel` (via go); hooks.md#deixis `vuvudel` (via go); roles.md#goal-source-path `…oexROOT…` (via go); sakes.md#prescription-the-ought-this-act-for-this-sake `…thel` (via move),,,
1368,wash,,translate,,english.md#for `hagom / /b/` (via race),,,
1369,actor,,translate,,roles.md#the-extra-b-party-o `…axROOT…` (via doer); pronouns.md#cross-role-recast `-r` (via doer),,,
1370,glad,,triage,,,,,
1371,tape,,translate,eru ⏺️ record (record),knowing.md#evidentiality `therum` (via record); knowing.md#intermediate-translation-practice `therum` (via record); knowing.md#intermediate-english-to-agazan `therum` (via record); knowing.md#intermediate-agazan-to-english `therum` (via record),,,
1372,whereas,,triage,,,,,
1373,opposite,,translate,aboge ◀️ reverse (reverse),hooks.md#extra-noun-stacked-vowels-and-loose-m `uem` (via contrary); numbers.md#number-as-adverb-by-marker `ru` (via inverse); numeric-derivation.md#scalar-digit-morphs-n-n `ROOTl+2` (via paired); numeric-derivation.md#quasi-n-e-1-e-2 `ROOTl-e-2` (via paired),,,
1374,stone,,translate,araga 🪨 rock (rock); ehezo 💎 gemstone (gemstone),numbers-applied.md#intermediate-translation-practice `aragal` (via rock); numbers-applied.md#intermediate-english-to-agazan `daragal` (via rock),,,
1375,sum,,translate,ahu ❤️ heart (heart); emedo 🍖 meat (meat); emedo 🍖 substance (substance); ewede 💒 union (union),comparatives.md#amount-scale `gral` (via amount); comparatives.md#vague-amounts `gral` (via amount); comparatives.md#sake-benchmarks `gral` (via amount); numbers.md#zero-exponent-number-as-verb-and-adverb `v-0e` (via total),,,
1376,murder,,translate,oboza 📮 dispatch (dispatch),say-tense.md#must-should `bral` (via off); sakes.md#word-shape `tha` (via off); sakes.md#emotion-compose `u` (via off); spans.md#close-forms-complete-editorial-close-all `xuxur` (via off),,,
1377,monitor,,translate,ume 🔖 reminder (reminder),,,,
1378,soldier,,triage,,,,,
1379,finance,,triage,,,,,
1380,hate,,triage,,,,,
1382,concert,,triage,,,,,
1384,comfortable,,translate,,say-questions.md#rank-standalone-under-question `…em` (via easy),,,
1386,carefully,,triage,,,,,example only
1387,pack,,translate,agabo 🏕️ camp (camp); alaga 🧳 carry (carry); abu 🎒 backpack (backpack); ereha 💍 ring (ring),joins.md#intermediate-translation-practice `erehal` (via ring); joins.md#intermediate-english-to-agazan `gerehal` (via ring); joins.md#intermediate-agazan-to-english `gerehal` (via ring); sakes.md#beginner-translation-practice `abul` (via backpack),,,
1396,totally,,translate,,numbers.md#zero-exponent-number-as-verb-and-adverb `v-0e`; numbers.md#zero-exponent-number-as-interjection `y-0e`; numbers.md#zero-exponent-referential `g-0e`; numeric-derivation.md#zero-×-exponent-0e-±0e-1 `ROOTl+0e`,,,
1397,museum,,triage,,,,,
1398,visitor,,triage,,,,,
1401,dear,,translate,alava 🥰 love (love); ahahe 🍯 honey (honey),hooks.md#extra-noun-stacked-vowels-and-loose-m `om` (via near); hooks.md#deixis `om` (via near); numeric-derivation.md#numeric-derivation `zalavalrabal` (via love); x-compounds.md#two-roots-one-word `gagayaxalaval` (via love),,,example only
1403,moreover,,triage,,,,,
1404,onto,,triage,,,,,
1405,historical,,triage,,,,,
1407,branch,,translate,elega 🦵 leg (leg),plurality.md#verbs-v `/v/` (via separate),,,
1408,vehicle,,triage,,,,,
1409,scientist,,triage,,,,,
1410,route,,translate,oroda 🛣️ road (road),roles.md#goal-source-path `…uoxROOT…`; hooks.md#extra-noun `ul` (via path); roles.md#intermediate-english-to-agazan `duoxowogal` (via path); relations.md#locative-relations `hebevum / gebevum` (via path),,,
1411,bind,,translate,ona 🪢 bond (bond); ubade 🩹 bandage (bandage),say-questions.md#rank-standalone-under-question `…ael` (via tie); roles.md#the-extra-b-party-o `gonam` (via bond); roles.md#beginner-translation-practice `onam` (via bond); roles.md#beginner-english-to-agazan `gonam` (via bond),,,
1412,belong,,translate,uvude 👣 go (go),roles.md#intermediate-translation-practice `vuvudel` (via go); hooks.md#deixis `vuvudel` (via go); sakes.md#sake-inventory `ona`; sakes.md#attachment-sites `gl-`,,,
1413,taste,,translate,,say-tense.md#will-want `thudom` (via try); comparatives.md#vague-amounts `zomen`; intention.md#endings-—-commitment `thudom` (via try); sakes.md#prescription-the-ought-this-act-for-this-sake `…ther` (via try),,,
1414,tonight,,triage,,,,,
1415,fashion,,translate,,english.md#by `/h/ / /b/` (via manner); say-people-places.md#antecedent-was-an-adjective-extra-w `/y/ / -r` (via manner); say-people-places.md#antecedent-was-an-adjective-ɡ `/h/ / -r` (via manner); pronouns.md#cross-role-recast `/h/ / -r` (via manner),,,
1418,army,,translate,uyuze 🇺🇸 usa (usa),,,,
1419,dangerous,,triage,,,,,
1420,decrease,,translate,adahe ⏬ fall (fall),restrictors.md#intermediate-translation-practice `vadahel` (via fall); restrictors.md#intermediate-english-to-agazan `vadahel` (via fall); restrictors.md#intermediate-agazan-to-english `vadahel` (via fall); numbers.md#special-number-as-verb-and-adverb `v-e`,,,
1421,hurt,,translate,enehe 🤕 harm (harm); agahu 😭 anguish (anguish); ezaha 🆘 distress (distress),sakes.md#thanks-sorry `…thur behodon` (via harm); sakes.md#unmet-thu-detracts-from-the-sake `…thur` (via detriment),,,example only
1422,council,,triage,,,,,
1423,editor,,triage,,,,,
1424,normally,,translate,,comparatives.md#vague-amounts `zereben` (via usually); knowing.md#advanced-translation-practice `thogol` (via commonly); knowing.md#advanced-english-to-agazan `thogol` (via commonly); knowing.md#advanced-agazan-to-english `thogol` (via commonly),,,
1425,sight,,translate,egaha 🦅 vision (vision); amada ⛰️ mountain (mountain),knowing.md#phasal `hagel`; say-tense.md#tense-jobs `thodum` (via view); knowing.md#live-vs-memory `thodum` (via view); roles.md#viewpoint-laterals `th` (via view),,,
1426,generate,,translate,eweza ⬅️ return (return),hooks.md#extra-noun `el` (via get); english.md#for `el / /b/` (via get); predication.md#label-scope `thu` (via get); spans.md#endings `-m` (via render),,,
1427,gift,,translate,ebezo 🎁 present (present),sakes.md#time-horizon-endings-on-met `zebezol` (via present); english.md#for `tho / /ɡ/`; sakes.md#attachment-sites `g…tha…`; intention.md#endings-—-commitment `thudor` (via giving),,,
1428,delivery,,translate,ezebe 💬 speech (speech); alavu 🛟 rescue (rescue),say-reasons.md#emotion-stimulus-time `zezebel` (via speech); sakes.md#emotion-compose `zezebel` (via speech); say-reasons.md#emotion-feeling-time `zezebel` (via speech); say-reasons.md#emotion-blame `zezebel` (via speech),,,
1430,guest,,triage,,,,,
1431,anybody,,triage,,,,,
1433,quote,,translate,,spans.md#resume `d[=]` (via cite); spans.md#beginner-english-to-agazan `d[=]` (via cite); spans.md#beginner-agazan-to-english `d[=]` (via cite); spans.md#type-vowels `a`,,,
1435,basically,,translate,,predication.md#same-endings `zalahen gogam bazawan`,,,
1437,minister,,triage,,,,,
1440,noise,,translate,aheva 🔀 randomness (randomness),,,,
1442,gun,,triage,,,,,
1443,square,,translate,evevu 🪶 feather (feather),numeric-derivation.md#scalar-digit-morphs-n-n `ROOTl+4`,,,
1444,occasion,,translate,,restrictors.md#ranked-with-listed-occasions `hel / hem`; restrictors.md#listed-occasions-open `hal / ham`; restrictors.md#sometimes-anytime-some-other-time `hur`; say-people-places.md#antecedent-was-an-adverb-h `/v/ / -r`,,,
1445,familiar,,translate,,x-compounds.md#one-thing-or-two `dictionary word`; relations.md#social-relations `gemezem / /b/` (via companion),,,
1446,ignore,,translate,aneve 🫥 neglect (neglect); arahe 🙄 dismiss (dismiss),relations.md#of-relations `hozazom / gozazom` (via cut); spans.md#close-forms-complete-editorial-close-all `xuxur` (via cut),,,
1447,destroy,,triage,,,,,
1448,affair,,translate,egeza 💏 intimacy (intimacy),joins.md#beginner-forms `zel` (via matter); joins.md#join-type-vowel-series `e` (via matter); joins.md#rare-arities-and-edge-readings `A B zel / A B zoel` (via matter); joins.md#full-single-item-and-standalone-inventories `zel` (via matter),,,
1449,civil,,translate,,say-tense.md#can-may `yem` (via polite),,,
1450,locate,,translate,,numbers.md#how-many `brer` (via place); numbers.md#advanced-agazan-to-english `yrebal` (via place); english.md#by `om / /b/ / ol` (via place); numbers.md#ordinals `re` (via place),,,
1451,citizen,,triage,,,,,
1454,domestic,,triage,,,,,
1455,load,,translate,araze 🦏 charge (charge); ebeho 🐻 burden (burden); alaga 🧳 encumbrance (encumbrance),dependents.md#orthography-and-prosody-periods `Stand-in hang` (via stretch); sakes.md#emotion-compose `o` (via charge),,,
1456,belief,,translate,,say-tense.md#will-want `thuhum / thuhul / thuhur` (via feeling); intention.md#want-endings `thuhur` (via feeling); relations.md#stance-as-of `thumem` (via feeling),,,
1457,troop,,triage,,,,,
1458,technical,,translate,,comparatives.md#judgment-benchmarks-worse-than `zegun` (via expert),,,
1459,remind,,translate,,roles.md#viewpoint-laterals `th` (via cue),,,
1460,arrangement,,translate,anade 🙂‍↕️ agreement (agreement); adabu 📑 organization (organization),sakes.md#consent `thuxegal` (via agreement),,,
1461,skin,,translate,avada 🫯 struggle (struggle),roles.md#saying-someone-is-a-teacher `gaxavadam` (via struggle),,,
1462,prison,,triage,,,,,
1463,switch,,translate,emeba 🍁 change (change); ubuve 🪃 throw (throw),word-endings.md#continue-x-overview `/x/` (via shift); questions.md#polar-stance-fuller-inventory `ue / yuel` (via flip); relations.md#exchange `hogem` (via exchange); relations.md#beginner-translation-practice `hogem` (via exchange),,,
1464,acquire,,translate,eleha 🧑‍🎓 learn (learn),numbers.md#number-as-verb-by-marker `ra` (via grow); hooks.md#extra-noun `el` (via get); english.md#for `el / /b/` (via get); predication.md#label-scope `thu` (via get),,,
1468,participate,,translate,,hooks.md#advanced-translation-practice `owogalal` (via enter); hooks.md#advanced-english-to-agazan `vowogalal` (via enter); hooks.md#advanced-agazan-to-english `vowogalal` (via enter); numbers.md#number-as-verb-by-marker `ro` (via enter),,,
1469,tough,,translate,,sakes.md#thanks-sorry `…thur behodon` (via bad),,,
1470,tear,,translate,araze 🦏 charge (charge),say-people-places.md#arrow-roots-as-talk-moves `azawem` (via pull); roles.md#gravity `adahel` (via pull); sakes.md#emotion-compose `o` (via charge),,,
1471,representative,,translate,adeha 🔉 voice (voice),hooks.md#stacked-discourse `aol` (via example); hooks.md#intermediate-agazan-to-english `aol` (via example); numbers.md#stacked-markers `#_` (via example); numeric-derivation.md#scalar-digit-morphs-n-n `ROOTl+1` (via voice),,,
1473,border,,translate,evevo 🖼️ frame (frame); ereha 💍 ring (ring),joins.md#intermediate-translation-practice `erehal` (via ring); joins.md#intermediate-english-to-agazan `gerehal` (via ring); joins.md#intermediate-agazan-to-english `gerehal` (via ring); predication.md#intermediate-translation-practice `evevol` (via frame),,,
1474,shake,,translate,oha 🤝 handshake (handshake); araga 🪨 rock (rock),numbers-applied.md#intermediate-translation-practice `aragal` (via rock); numbers-applied.md#intermediate-english-to-agazan `daragal` (via rock),,,
1475,assessment,,translate,ahaho 🧑‍⚖️ judgment (judgment),numeric-derivation.md#scalar-digit-morphs-n-n `ROOTl+4` (via judgment),,,
1476,shoe,,triage,,,,,
1478,ad,,translate,,spans.md#edge `u` (via a.d.); spans.md#endings `-m` (via a.d.); relations.md#stance-as-of `thumem` (via a.d.); speech-moves.md#speech-act `yum` (via a.d.),,,
1479,fee,,triage,,,,,
1480,hall,,triage,,,,,
1481,regulation,,translate,,knowing.md#advanced-translation-practice `thebel` (via rule); knowing.md#advanced-english-to-agazan `thebel` (via rule); knowing.md#advanced-agazan-to-english `thebel` (via rule); say-tense.md#must-should `themehol` (via rule),,,
1483,studio,,translate,,say-people-places.md#antecedent-was-a-noun-z-d-or-b `demegul`; say-people-places.md#antecedent-was-a-verb-v `demegul`; say-people-places.md#antecedent-was-an-adjective-ɡ `zemegul`; say-people-places.md#antecedent-was-an-adjective-extra-w `zemegul`,,,
1484,proper,,translate,,spans.md#exact-paraphrase-proper `@`; spans.md#type-vowels `o`; spans.md#endings `-n`; say-people-places.md#named-handles `zubugaxalahen`,,,
1485,relax,,triage,,,,,
1486,tourist,,triage,,,,,
1487,component,,translate,uzubu 🥄 portion (portion),relations.md#of-relations `gabom` (via part); numbers.md#number-as-adverb-by-marker `ra` (via factor); causation.md#fault `therar` (via part); english.md#of `gabom / gaham / guwam / /b/` (via part),,,
1488,afford,,translate,odo 🚪 open (open),join-across-roles.md#intermediate-agazan-to-english `gaon` (via open); hooks.md#closed-and-open-endings `um` (via open); restrictors.md#listed-occasions-open `ham` (via open); spans.md#endings `-l` (via open),,,
1489,lawyer,,triage,,,,,
1490,suspect,,triage,,,,,
1491,cup,,triage,,,,,
1492,description,,translate,,speech-moves.md#speech-act `yal`,,,
1493,confidence,,translate,abaza 👮 authority (authority); egeho 🦯 trust (trust),,,,
1494,industrial,,triage,,,,,
1495,complain,,translate,,speech-moves.md#speech-manner `thagazam` (via plain); plurality.md#adjectives-g `zavabalx garagam` (via plain); numbers.md#zero-exponent-referential `g+0e` (via plain),,,
1497,error,,translate,,numbers.md#stacked-markers `+-`; causation.md#fault `theral` (via fault); say-reasons.md#emotion-blame `theral` (via fault); causation.md#intermediate-translation-practice `theral` (via fault),,,
1498,arrest,,translate,anago 😰 apprehension (apprehension); azada 🛑 stop (stop); eha ✅ check (check),say-reasons.md#phase-verbs `vazadal` (via stop); spans.md#beginner-translation-practice `vazadal` (via stop); knowing.md#universality `… hual … thehol` (via check); sakes.md#thanks-sorry `…thal` (via stay),,,
1499,assess,,translate,ehezo 💎 value (value),numbers.md#marker-vowel-referential-identity `-` (via measure); numeric-derivation.md#scalar-digit-morphs-n-n `ROOTl+1` (via measure); say-amounts.md#unspecified-value-in-the-range-r `zraval ar zrabal` (via value); numbers.md#parts-of-speech-on-numbers `/z/` (via value),,,
1501,asset,,translate,abavo ➕ plus (plus),numbers-applied.md#rays `zrabal` (via plus); numbers.md#digitless-exponents `grabal` (via plus); numbers.md#advanced-english-to-agazan `grabal` (via plus); numbers.md#advanced-agazan-to-english `grabam` (via plus),,,
1503,finger,,translate,,numbers.md#marker-not-written-as-r-v `_` (via digit); numbers.md#starter-examples `g_12` (via digit); numbers.md#number-endings `= / g=+3 / g=#2 / d=_12` (via digit); numbers.md#digitless `ru / …-` (via digit),,,
1504,relevant,,translate,,comparatives.md#judgment-benchmarks-worse-than `zeyen`; numbers.md#number-as-interjection-by-marker `ra`,,,
1505,explore,,translate,areze 🧑‍🔬 research (research),knowing.md#universality `… hual … thehol` (via search),,,
1508,wake,,translate,ebe 🌶️ heat (heat),causation.md#beginner-translation-practice `ebem` (via heat); causation.md#beginner-english-to-agazan `bebem` (via heat); causation.md#beginner-agazan-to-english `bebem` (via heat); say-tense.md#tense-jobs `thodum` (via viewing),,,
1509,necessarily,,translate,,knowing.md#universality `thalul` (via of necessity); say-questions.md#set-standalone-under-question `…aom` (via needs); numbers.md#starter-examples `g=+3` (via needs); say-tense.md#must-should `themehom` (via needs),,,
1517,internal,,translate,ahaza 🏠 home (home),sakes.md#emotion-compose `a`; sakes.md#intermediate-agazan-to-english `guduthamam`; plurality.md#where-x-sits `inner words of a non-opaque span` (via inner); spans.md#scope-islands `Join inside` (via interior),,,
1519,literature,,triage,,,,,
1520,victim,,triage,,,,,example only
1521,threaten,,translate,ogehe 👹 menace (menace),,,,
1523,secure,,translate,abage 🔌 plug (plug),sakes.md#unmet-thu-detracts-from-the-sake `…thul` (via fix); predication.md#label-scope `the` (via fix); intention.md#endings-—-changeability `thehal` (via good); knowing.md#phasal `huhal` (via good),,,
1524,amaze,,translate,,hooks.md#extra-noun `el` (via get); english.md#for `el / /b/` (via get); predication.md#label-scope `thu` (via get),,,
1525,device,,translate,,numbers.md#number-as-verb-by-marker `ro`,,,
1526,birth,,translate,ebeho 🐻 bear (bear),numeric-derivation.md#label-code-sense `ROOTl_` (via bear); say-tense.md#must-should `thenem / the` (via have); say-tense.md#tense-jobs `thover` (via have); x-compounds.md#families-by-shape `x / a / o / e / u` (via have),,,
1527,forest,,translate,uwa 🪵 wood (wood),x-compounds.md#beginner-translation-practice `uwal` (via wood); relations.md#of-relations `buwal` (via wood); relations.md#intermediate-translation-practice `uwal` (via wood); relations.md#intermediate-english-to-agazan `buwal` (via wood),,,
1529,root,,translate,adaba 💧 beginning (beginning); egehu 🔑 solution (solution),say-amounts.md#numbered-alternatives-problem-solution-goal `zegehum` (via solution); say-people-places.md#someones-act `gagum` (via origin); relations.md#of-relations `gagum` (via origin); relations.md#intermediate-agazan-to-english `gagum` (via origin),,,
1531,expense,,triage,,,,,
1534,recommendation,,triage,,,,,
1535,rank,,translate,ebedo 🍱 order (order),knowing.md#hold-endings-may `vagahul` (via crying); knowing.md#beginner-translation-practice `vagahul` (via crying); knowing.md#beginner-english-to-agazan `vagahul` (via crying); knowing.md#beginner-agazan-to-english `vagahul` (via crying),,,
1539,resident,,triage,,,,,
1541,concentrate,,translate,,sakes.md#consent `thuxegal` (via contract); numbers-applied.md#ordinal-generation-—-digitful-exponent-on `g#3` (via focus),,,
1542,plenty,,translate,amada ⛰️ mountain (mountain),numbers.md#special-number-as-verb-and-adverb `v~+e` (via lot); comparatives.md#vague-amounts `zeyen` (via lot); numeric-derivation.md#hyperbole-sense-1e-1e-1e `ROOTl+1e` (via mess); plurality.md#where-x-sits `/ɡ/` (via pile),,,example only
1543,export,,triage,,,,,
1544,entirely,,translate,,numeric-derivation.md#scalar-digit-morphs-n-n `ROOTl+7` (via completely); numbers.md#zero-exponent-number-as-verb-and-adverb `v-0e` (via totally); numbers.md#zero-exponent-number-as-interjection `y-0e` (via totally); numbers.md#zero-exponent-referential `g-0e` (via totally),,,
1545,strongly,,translate,,say-reasons.md#epistemic-because `thevel`; say-reasons.md#emotion-stimulus-time `therul`; knowing.md#evidence-strength `thunol`; knowing.md#forecast `therul`,,,
1547,consist,,translate,alaha 🤥 lie (lie),questions.md#beginner-translation-practice `valahal` (via lie); join-across-roles.md#intermediate-translation-practice `alahal` (via lie); joins.md#beginner-translation-practice `valahal` (via lie); questions.md#beginner-agazan-to-english `valahal` (via lie),,,
1548,graduate,,translate,,say-amounts.md#denominator-portion-of-what `zagadalx g+25%` (via grad),,,
1549,brand,,translate,uzaga 🦨 stigma (stigma); edede ™️ trademark (trademark),word-endings.md#intermediate-translation-practice `gazawan`; word-endings.md#proper-name--n `/y/`; causation.md#make `thegem / /b/` (via make); spans.md#close-forms-complete-editorial-close-all `xuxum` (via mark),,,
1550,moral,,triage,,,,,
1551,insist,,translate,,speech-moves.md#speech-act `yam`; causation.md#only-because `thodom / godom` (via assert); relations.md#as-of `henem / genem / wenem` (via assert); causation.md#only-if `thodom / godom` (via assert),,,
1552,combination,,translate,,x-compounds.md#families-by-shape `x` (via compounding); x-compounds.md#two-roots-one-word `a / e / u / o / x` (via compounding); phonology.md#phonotactics-word-shape `x` (via compounding); say-people-places.md#antecedent-was-a-verb-v `/z/ / /d/ / /b/ / -r` (via compounding),,,
1553,abuse,,translate,alude 🔊 shout (shout),numbers.md#number-as-interjection-by-marker `re` (via shout); intention.md#endings-—-map-resolution `thumam` (via step),,,
1555,principal,,translate,ehada 🧑‍🦲 head (head); aza ⭐ star (star),numbers.md#advanced-translation-practice `azal` (via star); numbers.md#advanced-english-to-agazan `dazal` (via star); numbers.md#advanced-agazan-to-english `zazal` (via star); hooks.md#advanced-translation-practice `owogaloel` (via head),,,
1556,master,,translate,anaba 🎛️ control (control),comparatives.md#judgment-benchmarks-worse-than `zegun` (via professional); comparatives.md#advanced-translation-practice `egun` (via professional); comparatives.md#advanced-english-to-agazan `zegun` (via professional); comparatives.md#advanced-agazan-to-english `zegun` (via professional),,,
1557,definitely,,triage,,,,,
1558,session,,triage,,,,,
1559,grade,,translate,ebedo 🍱 order (order); odove 🏆 score (score); abedu 📈 degree (degree),predication.md#classification-packaging `wabedum` (via degree); numbers.md#intermediate-translation-practice `odovem` (via score); numbers.md#intermediate-english-to-agazan `dodovem` (via score); word-endings.md#proper-name--n `/w/`,,,
1560,nevertheless,,translate,,dependents.md#sentence-linkers `xazel` (via however); dependents.md#intermediate-translation-practice `xazel` (via however); dependents.md#intermediate-agazan-to-english `xazel` (via however); say-tense.md#progressive `hagem` (via still),,,
1561,predict,,translate,ereha 💍 promise (promise); edazo 🔭 forecast (forecast),say-tense.md#tense-jobs `bral` (via forecast); say-tense.md#must-should `bral` (via forecast); say-people-places.md#antecedent-was-an-adjective-ɡ `/y/ / -r` (via call); pronouns.md#how-english-approximates-r `/y/ / -r` (via call),,,
1562,previously,,translate,,numbers.md#number-endings `= / g=+3 / g=#2 / d=_12`,,,
1564,largely,,translate,,numbers.md#special-referential `g~+e`; word-endings.md#proper-name--n `/w/`; joins.md#full-single-item-and-standalone-inventories `zer` (via mostly); numbers-applied.md#rays `zrubal al zraval` (via mostly),,,
1566,rent,,translate,adage 🚕 hire (hire),numbers.md#ordinal-rank-annihilated-0e `v#0e` (via take); numbers.md#special-number-as-verb-and-adverb `v#e` (via take); questions.md#polar-stance `yaol / yaom` (via take); sakes.md#consent `thuxegam` (via take),,,
1567,shot,,translate,,say-tense.md#tense-jobs `thodom barl / thrul`; intention.md#endings-—-commitment `thudor`; roles.md#the-scene-e `dexezebal` (via scene); roles.md#beginner-english-to-agazan `dexezoger` (via scene),,,
1569,reasonable,,translate,,clause.md#degree-w `wadeham` (via fair),,,
1570,guarantee,,triage,,,,,
1571,till,,triage,,,,,
1572,theme,,translate,umuyu 🎼 composition (composition); aheho #️⃣ topic (topic),say-people-places.md#as-for `hahehom` (via topic); pronouns.md#intermediate-translation-practice `hahehom` (via topic); pronouns.md#intermediate-english-to-agazan `hahehom` (via topic); pronouns.md#intermediate-agazan-to-english `hahehom` (via topic),,,
1574,odd,,translate,,joins.md#universals-domains-generics `zual X` (via leftover); restrictors.md#sometimes-anytime-some-other-time `hur` (via leftover); joins.md#unspecified-member-r `zur / vur / xur` (via leftover); joins.md#full-single-item-and-standalone-inventories `zur` (via leftover),,,
1575,approve,,translate,,questions.md#polar-stance `yaol / yaom` (via okay),,,
1576,loan,,translate,agavo 💳 lend (lend),,,,
1577,definition,,translate,,knowing.md#universality `thazal`,,,
1578,elect,,triage,,,,,
1579,atmosphere,,translate,edeye 🏧 atm (atm),sakes.md#emotion-compose `ao`,,,
1580,farmer,,triage,,,,,
1581,comparison,,triage,,,,,
1582,characteristic,,triage,,,,,
1583,license,,translate,ega 🟢 permission (permission),sakes.md#intermediate-translation-practice `egal` (via permission); say-tense.md#can-may `yom / thegam` (via permission); sakes.md#permission `thegam` (via permit); sakes.md#intermediate-english-to-agazan `thegam` (via permit),,,
1584,rely,,translate,abagu 🏦 bank (bank); egeho 🦯 trust (trust),say-people-places.md#which-noun-with-resume-and-kinds `babagul` (via bank); relations.md#locative-relations `babagul` (via bank),,,
1585,narrow,,translate,umunu 🕒 minute (minute),sakes.md#consent `thuxegal` (via contract),,,
1586,succeed,,translate,,knowing.md#hold-endings-may `thovom` (via follow); join-across-roles.md#join-act-verbs `vaon` (via follow); spans.md#edge `o` (via follow); join-across-roles.md#join-relations `gaon / haon` (via follow),,,
1588,desk,,triage,,,,,
1590,seriously,,translate,,sakes.md#thanks-sorry `…thur behodon` (via badly),,,
1591,wild,,translate,ezeha 🤪 crazy (crazy); anege 😠 angry (angry); azebe 💸 waste (waste),clause.md#beginner-translation-practice `anegel` (via angry); clause.md#beginner-english-to-agazan `ganegel` (via angry); predication.md#intermediate-translation-practice `anegel` (via angry); predication.md#label-scope `ganegethal` (via angry),,,
1592,empty,,translate,ohaho 🕳️ void (void),spans.md#intermediate-english-to-agazan `daxul`; joins.md#full-single-item-and-standalone-inventories `zul`; joins.md#universals-domains-generics `zual`; joins.md#rare-arities-and-edge-readings `…ual / …uol standalone`,,,
1593,commission,,translate,araze 🦏 charge (charge); agabu 🧭 direction (direction),sakes.md#emotion-compose `o` (via charge); hooks.md#extra-noun-stacked-vowels-and-loose-m `oel` (via direction); say-people-places.md#arrow-roots-as-talk-moves `agabul` (via direction); sakes.md#sake-inventory `aba` (via direction),,,
1594,unique,,translate,,word-endings.md#proper-name--n `/z/ / /d/ / /b/`; joins.md#scope-islands-join `^ zowodel zal ^` (via alone); joins.md#standalone-phrase `zam` (via alone); numbers.md#number-as-adverb-by-marker `ra` (via alone),,,
1595,association,,translate,ovavo 📱 connection (connection),say-questions.md#rank-standalone-under-question `…ael` (via tie); sakes.md#sake-inventory `ona` (via connection); comparatives.md#sake-benchmarks `zonan` (via connection); english.md#of `/ɡ/ / /b/` (via tie),,,
1596,instrument,,translate,oboho ♟️ pawn (pawn),intention.md#beginner-translation-practice `obohol` (via pawn); intention.md#beginner-english-to-agazan `dobohol` (via pawn); intention.md#beginner-agazan-to-english `dobohol` (via pawn); roles.md#instrument `daexaradal`,,,
1597,investor,,triage,,,,,
1598,practical,,translate,,numbers.md#special-number-as-stance `th-e-`,,,
1600,lovely,,translate,,numeric-derivation.md#numeric-derivation `zalavalrabal`; x-compounds.md#two-roots-one-word `gagayaxalaval`; x-compounds.md#ordinary-compound-order `gagayaxalaval`; numeric-derivation.md#limit-polarity-stage-digitless `ROOTl+e-`,,,
1601,soft,,translate,ebewo 🎹 piano (piano),speech-moves.md#speech-act `yam`; questions.md#question `yom`; questions.md#polar-stance `yaem`; say-questions.md#set-standalone-under-question `…um`,,,
1605,fuel,,translate,avahe 🔥 fire (fire),join-across-roles.md#vp-clause-forms `bavahel` (via fire); causation.md#beginner-translation-practice `avahel` (via fire); numbers.md#beginner-translation-practice `avahel` (via fire); causation.md#beginner-english-to-agazan `bavahel` (via fire),,,
1606,expectation,,triage,,,,,
1607,employment,,translate,,english.md#for `el / /b/` (via work); spans.md#exact-paraphrase-proper `@` (via work); sakes.md#sake-inventory `udu` (via work); joins.md#full-single-item-and-standalone-inventories `zaom` (via work),,,
1608,celebrate,,translate,,word-endings.md#proper-name--n `/v/` (via observe); intention.md#endings-—-commitment `thudol` (via keep); dependents.md#orthography-and-prosody-periods `/x/` (via keep); intention.md#want-endings `thuhul` (via keep),,,
1609,sexual,,triage,,,,,
1610,shoulder,,triage,,,,,
1612,increasingly,,triage,,,,,
1613,import,,translate,ubuho 💥 consequence (consequence),say-tense.md#tense-jobs `as-of plus the same stance` (via moment); say-tense.md#must-should `thenem / the` (via moment); say-tense.md#future `thumam` (via meaning); comparatives.md#judgment-benchmarks-worse-than `zeyen` (via meaning),,,
1614,bottle,,translate,,numbers-applied.md#intermediate-translation-practice `abadul`; numbers-applied.md#intermediate-agazan-to-english `zabadul`,,,
1615,ourselves,,triage,,,,,
1616,sheet,,translate,,plurality.md#intermediate-translation-practice `umuyul`; plurality.md#intermediate-english-to-agazan `zumuyulx`; plurality.md#intermediate-agazan-to-english `zumuyulx`,,,
1617,engine,,triage,,,,,
1618,cast,,translate,ezega 🤒 sick (sick); avado 🤮 vomit (vomit); agada 🐈 cat (cat); azawa 🦢 swan (swan); evevo 🖼️ frame (frame); ubuve 🪃 throw (throw); ageha 🛋️ couch (couch),say-people-places.md#as-for `dagadal` (via cat); joins.md#and-lists-a `zagadal` (via cat); clause.md#direct-object-d `dagadal` (via cat); roles.md#the-undergoer-u `dagadal` (via cat),,,
1619,notion,,translate,eveve 🧚 whimsy (whimsy),say-tense.md#will-want `thuhum / thuhul / thuhur` (via feeling); intention.md#want-endings `thuhur` (via feeling); relations.md#stance-as-of `thumem` (via feeling),,,
1620,conservative,,triage,,,,,
1621,journey,,triage,,,,,
1622,opposition,,triage,,,,,
1626,outcome,,translate,ubuho 💥 consequence (consequence),say-tense.md#tense-jobs `thamom`; english.md#for `hagom / /b/`; causation.md#only-if `thodom / godom`; knowing.md#residue-and-former-climate `thamom`,,,
1628,explanation,,translate,,predication.md#label-scope `thu`,,,
1629,arise,,translate,eleva 🏋️ lift (lift); abaha ⏫ rise (rise),comparatives.md#intermediate-translation-practice `veleval` (via lift); comparatives.md#intermediate-english-to-agazan `veleval` (via lift); comparatives.md#intermediate-agazan-to-english `veleval` (via lift); numbers.md#number-as-verb-by-marker `ra` (via grow),,,
1630,musical,,triage,,,,,
1631,recover,,translate,amega 🔍 find (find),knowing.md#hold-endings-may `thovol` (via find); knowing.md#beginner-translation-practice `thovol` (via find); knowing.md#beginner-english-to-agazan `thovol` (via find); knowing.md#beginner-agazan-to-english `thovol` (via find),,,
1632,dad,,triage,,,,,
1633,stretch,,translate,agado 🐙 reach (reach); evaha 🛬 reaching (reaching),dependents.md#orthography-and-prosody-periods `Stand-in hang`,,,
1634,declare,,translate,,join-across-roles.md#join-act-verbs `van` (via hold); numbers.md#special-number-as-stance `th-e-` (via hold),,,
1635,retire,,translate,ebeda 🛏️ bed (bed); azawe ↙️ retreat (retreat),word-endings.md#intermediate-translation-practice `ebedal` (via bed); word-endings.md#intermediate-english-to-agazan `zebedal` (via bed); word-endings.md#intermediate-agazan-to-english `zebedal` (via bed); x-compounds.md#words-you-look-up-not-build `zebedalahazal` (via bed),,,
1636,tiny,,translate,,numeric-derivation.md#hyperbole-sense-1e-1e-1e `ROOTl+1e-`; numbers.md#special-referential `g~-e-`,,,
1637,careful,,translate,,say-tense.md#tense-jobs `channel + signed amount (dated channel)` (via measured),,,example only
1638,suitable,,triage,,,,,
1639,native,,translate,,spans.md#type-vowels `u`,,,
1640,fruit,,triage,,,,,
1641,analyze,,triage,,,,,
1643,mail,,triage,,,,,
1644,terrible,,translate,,say-reasons.md#emotion-stimulus-time `bral` (via dread),,,
1645,researcher,,triage,,,,,
1646,ordinary,,translate,,comparatives.md#advanced-translation-practice `eyen` (via average); comparatives.md#advanced-english-to-agazan `zeyen` (via average); comparatives.md#advanced-agazan-to-english `zeyen` (via average); x-compounds.md#families-by-shape `x`,,,
1649,mental,,triage,,,,,
1650,participant,,translate,,pronouns.md#cross-role-recast `-r`,,,
1652,personality,,triage,,,,,
1653,specifically,,triage,,,,,
1654,fat,,translate,,phonology.md#phonotactics-word-shape `x` (via productive),,,
1655,entry,,translate,eneha 🧎 submission (submission); enaba 📥 incoming (incoming),hooks.md#advanced-translation-practice `owogalal` (via entering); hooks.md#advanced-english-to-agazan `vowogalal` (via entering); hooks.md#advanced-agazan-to-english `vowogalal` (via entering); x-compounds.md#one-thing-or-two `dictionary word`,,,
1656,fellow,,translate,emeda 🧉 mate (mate),relations.md#social-relations `gemezem / /b/` (via companion); x-compounds.md#one-thing-or-two `dictionary word` (via familiar),,,
1657,chemical,,triage,,,,,
1659,tip,,translate,obo ☝️ point (point); ewedu 🌬️ wind (wind); agawu 👑 crown (crown),sakes.md#beginner-translation-practice `ewedul` (via wind); sakes.md#beginner-english-to-agazan `zewedul` (via wind); say-questions.md#rank-single-item-under-question `…em` (via top); hooks.md#hook-resume `ur …` (via point),,,
1660,discount,,translate,arahe 🙄 dismiss (dismiss); eve 🕵️ deduction (deduction),,,,
1661,peak,,translate,obo ☝️ point (point); elevo 🕴️ elevation (elevation); avavu 💮 flower (flower); abuba 🌼 blossom (blossom); adave 🗼 height (height); agawu 👑 crown (crown),say-amounts.md#measured-differentials `gadavem` (via height); causation.md#beginner-translation-practice `avavul` (via flower); causation.md#beginner-english-to-agazan `zavavul` (via flower); causation.md#beginner-agazan-to-english `zavavul` (via flower),,,
1662,chairman,,translate,ehahe 🪑 chair (chair),word-endings.md#beginner-translation-practice `ehahel` (via chair); word-endings.md#beginner-english-to-agazan `ehahel` (via chair); relations.md#intermediate-translation-practice `ehahel` (via chair); relations.md#intermediate-english-to-agazan `behahel` (via chair),,,
1663,proportion,,translate,eye ☯️ balance (balance),,,,
1665,disappear,,translate,emehu 🫠 melt (melt),say-reasons.md#reasons-causation-practice `emehul` (via melt); numeric-derivation.md#infinite-landmark-labels-e-e-1e `ROOTl_1e-` (via vanish); numeric-derivation.md#hyperbole-sense-1e-1e-1e `ROOTl_1e-` (via vanish),,,
1667,yard,,translate,,english.md#as `thevem barl / thabem barl` (via grounds); say-reasons.md#english-cues `barl / thevem barl / thabem barl` (via grounds); numbers.md#stacked-markers `#_` (via grounds); numbers.md#bare-oom `g-e3` (via thousand),,,
1668,constant,,triage,,,,,
1669,significantly,,translate,,joins.md#full-single-item-and-standalone-inventories `zer` (via importantly),,,
1670,hill,,triage,,,,,
1671,considerable,,triage,,,,,
1673,intelligence,,translate,unuze 📰 news (news),numbers.md#number-endings `g+3 / g+` (via news); dependents.md#orthography-and-prosody-periods `/y/` (via news); phonology.md#phonotactics-word-shape `Root(s) V(CV)+` (via news); numbers.md#number-as-discourse-marker-by-marker `ru` (via news),,,
1674,ideal,,triage,,,,,
1675,folk,,translate,avaha 👪 family (family),hooks.md#including-am-al `zavahal` (via family); hooks.md#except-ul `zavahal` (via family); hooks.md#closed-and-open-endings `zavahal` (via family); hooks.md#extra-noun `bavahal` (via family),,,
1679,somewhat,,translate,,numbers.md#special-number-as-stance `th~-e-` (via more or less); comparatives.md#judgment-benchmarks-worse-than `zebeyum zeyen zuem gagazam`; clause.md#degree-w `wadeham` (via fairly),,,
1681,presentation,,triage,,,,,
1682,joint,,translate,,plurality.md#verbs-v `zazawan vezehelx`; joins.md#join-type-vowel-series `a` (via join); spans.md#scope-islands `Join inside` (via join); word-endings.md#continue-x-overview `clause join + -n` (via join),,,
1683,compete,,triage,,,,,
1684,poll,,translate,agawu 👑 crown (crown),,,,
1685,weak,,translate,,say-reasons.md#hope-forecast `thahur`; say-reasons.md#emotion-stimulus-time `thahur`; knowing.md#evidence-strength `themar`; knowing.md#forecast `thahur`,,,
1687,reduction,,translate,,numbers.md#special-number-as-verb-and-adverb `v-e` (via decrease); numbers.md#number-as-verb-by-marker `ru` (via decrease),,,
1689,complaint,,translate,araze 🦏 charge (charge),sakes.md#emotion-compose `o` (via charge),,,
1690,bore,,triage,,,,,
1691,mission,,translate,araze 🦏 charge (charge),sakes.md#emotion-compose `o` (via charge),,,
1692,somehow,,triage,,,,,
1693,tone,,translate,onoza 👃 smell (smell); azahe 👀 look (look); azeha 👒 shade (shade); onoda 🎵 note (note),numbers.md#beginner-translation-practice `vonozal` (via smell); numbers.md#beginner-english-to-agazan `vonozal` (via smell); numbers.md#beginner-agazan-to-english `vonozal` (via smell); pronouns.md#cross-role-recast `-r` (via quality),,,
1694,neighborhood,,translate,ahede 🛖 locality (locality),hooks.md#extra-noun-stacked-vowels-and-loose-m `bahedem` (via locality); roles.md#viewpoint-vs-landmark `/ɡ/ / /b/` (via region); roles.md#viewpoint-laterals `PoS` (via region),,,
1695,passenger,,triage,,,,,
1697,phase,,translate,,numeric-derivation.md#limit-polarity-stage-digitless `ROOTl#e` (via form); numeric-derivation.md#ordinal-digit-morphs-n `ROOTl#0` (via form); numeric-derivation.md#rank-annihilated-morph-0e `ROOTl#0e` (via form),,,
1698,thin,,translate,,relations.md#of-relations `hozazom / gozazom` (via cut); spans.md#close-forms-complete-editorial-close-all `xuxur` (via cut); clause.md#degree-w `wamazam` (via slight),,,
1699,rush,,translate,adeho 💨 haste (haste); araze 🦏 charge (charge); ezewu 🛷 thrill (thrill); ubuda 🥾 boot (boot); abawo ‼️ bang (bang),restrictors.md#only-when-never-hal `hadehom` (via haste); clause.md#adverbs-h `hadehom` (via haste); comparatives.md#beginner-translation-practice `adehom` (via haste); dependents.md#dependent-clauses `wadehom` (via haste),,,
1701,religion,,translate,eheha ⛪ faith (faith),numeric-derivation.md#limit-polarity-stage-digitless `ROOTl+` (via faith),,,
1702,employer,,triage,,,,,
1703,reject,,translate,anebe 😒 disdain (disdain); adahe ⏬ decline (decline),dependents.md#stand-in-roles `vuon` (via decline); questions.md#polar-stance-fuller-inventory `yual`; say-questions.md#well `yuam`; questions.md#polar-endings `yuar`,,,
1704,latter,,triage,,,,,
1706,ban,,translate,,speech-moves.md#emphatic-prohibition `yul` (via prohibition); speech-moves.md#beginner-english-to-agazan `yul` (via prohibition); spans.md#pos `yul` (via prohibition); spans.md#beginner-english-to-agazan `yul` (via prohibition),,,
1709,index,,translate,abage 🔌 power (power),,,,
1710,sad,,translate,,sakes.md#thanks-sorry `…thul behodon` (via sorry),,,
1711,frequently,,translate,,comparatives.md#frequency-scale `hral` (via often); comparatives.md#vague-amounts `hral` (via often); speech-moves.md#speech-act-statement-question-command `yal` (via often); numbers.md#ambient-magnitude-casual `g+3` (via often),,,
1712,circle,,translate,,say-questions.md#set-standalone-under-question `…aol` (via set); join-across-roles.md#join-act-verbs `vuan` (via set); plurality.md#where-x-sits `/ɡ/` (via set); joins.md#standalone-phrase `A B zam` (via set),,,
1713,helpful,,triage,,,,,
1715,attractive,,triage,,,,,
1717,impression,,translate,,say-tense.md#will-want `thuhum / thuhul / thuhur` (via feeling); intention.md#want-endings `thuhur` (via feeling); relations.md#stance-as-of `thumem` (via feeling),,,
1719,joke,,translate,alavo 😂 laugh (laugh); aheze 🤡 jest (jest); agegu 🙊 gag (gag); adabe 🎩 trick (trick),"numbers.md#ordinal-umpteenth-umpteenth-first-re-ba∅-bu∅ `x#1e`; english.md#of `the act as a sentence, then its verb root in -r` (via trick)",,,
1721,column,,translate,adave 🗼 tower (tower),spans.md#close-forms-complete-editorial-close-all `xuxur` (via editorial); spans.md#advanced-english-to-agazan `xuxur` (via editorial); spans.md#advanced-agazan-to-english `xuxur` (via editorial); spans.md#spoken-inventory `xuxur` (via editorial),,,
1722,electronic,,triage,,,,,
1723,impose,,triage,,,,,
1724,criminal,,triage,,,,,
1726,properly,,translate,,spans.md#exact-paraphrase-proper `@`; spans.md#type-vowels `o`; spans.md#endings `-n`; say-people-places.md#named-handles `zubugaxalahen`,,,
1727,ancient,,triage,,,,,
1728,coast,,translate,,numbers.md#number-as-discourse-marker-by-marker `ro` (via slide),,,
1729,ill,,translate,ezega 🤒 sick (sick),sakes.md#thanks-sorry `…thur behodon` (via badly),,,
1730,kick,,translate,araze 🦏 charge (charge); ezewu 🛷 thrill (thrill); ubuda 🥾 boot (boot); abawo ‼️ bang (bang),knowing.md#live-vs-memory `dubudal` (via boot); sakes.md#emotion-compose `o` (via charge); speech-moves.md#speech-manner `thagazam` (via plain); plurality.md#adjectives-g `zavabalx garagam` (via plain),,,
1731,closely,,translate,,hooks.md#extra-noun-stacked-vowels-and-loose-m `om` (via nearly); hooks.md#deixis `om` (via nearly); spans.md#close-forms-complete-editorial-close-all `xuxur`; spans.md#edge `xuxul`,,,
1732,multiple,,triage,,,,,
1733,yield,,translate,ameva 🧑‍🏭 production (production); ebeho 🐻 bear (bear); avage 🏭 output (output); amo 💰 pay (pay); eweza ⬅️ return (return),say-people-places.md#arrow-roots-as-talk-moves `ewezam` (via return); numbers.md#ordinal-rank-annihilated-0e `v#0e` (via take); numbers.md#special-number-as-verb-and-adverb `v#e` (via take); questions.md#polar-stance `yaol / yaom` (via take),,,
1734,via,,triage,,,,,
1735,legislation,,triage,,,,,
1736,county,,triage,,,,,
1738,mobile,,triage,,,,,
1739,assistant,,translate,,sakes.md#thanks-sorry `…tham` (via help); say-people-places.md#antecedent-was-an-adjective-extra-w `/w/ / -r` (via adjunct); say-people-places.md#antecedent-was-an-adverb-h `/z/ / /d/ / /b/ / -r` (via adjunct),,,
1740,implement,,translate,,knowing.md#hold-endings-may `thovom` (via follow up); questions.md#polar-stance-fuller-inventory `ua / yual` (via apply); word-endings.md#proper-name--n `/ɡ/` (via apply),,,
1741,chart,,translate,,word-endings.md#beginner-translation-practice `abohal`,,,
1742,attach,,translate,ona 🪢 bond (bond),say-questions.md#rank-standalone-under-question `…ael` (via tie); roles.md#the-extra-b-party-o `gonam` (via bond); roles.md#beginner-translation-practice `onam` (via bond); roles.md#beginner-english-to-agazan `gonam` (via bond),,,
1743,hell,,translate,,say-tense.md#tense-jobs `as-of plus the same stance` (via hades),,,example only
1745,advise,,triage,,,,,
1746,household,,translate,avaha 👪 family (family); ahaza 🏠 house (house); ahaza 🏠 home (home),hooks.md#including-am-al `zavahal` (via family); hooks.md#except-ul `zavahal` (via family); hooks.md#closed-and-open-endings `zavahal` (via family); hooks.md#extra-noun `bavahal` (via family),,,
1747,acknowledge,,translate,eraze 🧾 receipt (receipt),knowing.md#hold-endings-may `thovor` (via know); knowing.md#beginner-translation-practice `thovor` (via know); knowing.md#beginner-english-to-agazan `thovor` (via know); knowing.md#beginner-agazan-to-english `thovor` (via know),,,
1750,hat,,triage,,,,,
1751,academic,,triage,,,,,
1752,voter,,triage,,,,,
1754,furthermore,,triage,,,,,
1755,accuse,,translate,araze 🦏 charge (charge),sakes.md#emotion-compose `o` (via charge),,,
1756,scientific,,triage,,,,,
1757,wage,,translate,amo 💰 pay (pay),say-tense.md#must-should `bral` (via pay); sakes.md#word-shape `tha` (via pay),,,
1758,absence,,triage,,,,,
1760,remark,,translate,onoda 🎵 note (note); egebo ⌨️ input (input),numbers.md#number-as-verb-by-marker `ro` (via input); numbers.md#number-as-discourse-marker-by-marker `re` (via note); word-endings.md#proper-name--n `/v/` (via observe); spans.md#mention `z{odoga}` (via mention),,,
1761,medicine,,translate,,plurality.md#intermediate-translation-practice `umuyul` (via music); plurality.md#intermediate-english-to-agazan `zumuyulx` (via music); plurality.md#intermediate-agazan-to-english `zumuyulx` (via music),,,
1762,professor,,triage,,,,,
1763,rare,,translate,,comparatives.md#vague-amounts `zahen / hral / zel / zuel`; numbers-applied.md#measure-phrases `gezezem g+2`,,,
1765,dozen,,translate,,numbers.md#parts-of-speech-on-numbers `/b/` (via 12); numeric-derivation.md#label-code-sense `ROOTl_N` (via 12); numbers.md#marker-vowel-referential-identity `_` (via 12); numbers.md#number-as-discourse-marker-by-marker `ro` (via 12),,,
1766,settlement,,translate,adazo 🌆 closure (closure),,,,
1767,gap,,translate,,join-across-roles.md#intermediate-agazan-to-english `gaon` (via opening); numbers.md#ambient-magnitude-casual `g+3e0` (via break); hooks.md#closed-and-open-endings `um` (via opening); restrictors.md#listed-occasions-open `ham` (via opening),,,
1768,widely,,triage,,,,,
1769,minimum,,triage,,,,,
1770,northern,,triage,,,,,
1771,estate,,translate,,sakes.md#emotion-compose `o` (via land); sakes.md#thanks-sorry `…thar` (via land),,,
1773,expose,,translate,,numbers.md#ambient-magnitude-casual `g+3e0` (via break); numbers.md#number-as-stance-by-marker `ro` (via exhibit),,,
1774,alive,,translate,ebevo 🔔 alert (alert),say-tense.md#progressive `thodum` (via live); say-reasons.md#residue-against-a-snapshot `thodum` (via live); knowing.md#evidentiality `thodum` (via live); knowing.md#evidence-clause `thodum` (via live),,,
1777,resolve,,translate,,relations.md#social-relations `gagawum / /b/` (via answer); questions.md#why `hagom bar` (via purpose); english.md#for `tho / /ɡ/` (via purpose); knowing.md#hold-endings-notional `thovem` (via purpose),,,
1778,critic,,triage,,,,,
1779,variable,,triage,,,,,
1780,enormous,,triage,,,,,
1781,sweet,,translate,ozu 🍓 sweetness (sweetness),dependents.md#dependent-clauses `hulam barl` (via afters); dependents.md#time-pole-on-noun `gulam` (via afters); say-reasons.md#english-cues `barl / /h/ / hazem / hehum` (via afters); hooks.md#hook-resume `or …` (via afters),,,
1782,permanent,,translate,,intention.md#want-endings `thuhul` (via lasting); knowing.md#phasal `huhal` (via lasting); intention.md#intermediate-translation-practice `thuhul` (via lasting); intention.md#intermediate-english-to-agazan `thuhul` (via lasting),,,
1783,emotion,,triage,,,,,
1784,pursue,,translate,,knowing.md#hold-endings-may `thovor`; join-across-roles.md#join-act-verbs `vaon` (via follow); spans.md#edge `o` (via follow); join-across-roles.md#join-relations `gaon / haon` (via follow),,,
1785,tall,,triage,,,,,example only
1786,urge,,translate,erezu ♈ impulse (impulse),numbers.md#special-number-as-interjection `y~#e-` (via cheer); numbers.md#ordinal-umpteenth-umpteenth-first-re-ba∅-bu∅ `y#1e` (via cheer); numbers.md#number-as-interjection-by-marker `re` (via cheer),,,
1787,enemy,,triage,,,,,
1788,appoint,,translate,araze 🦏 charge (charge),predication.md#scope-name-only `ganagothul` (via name); word-endings.md#beginner-translation-practice `amegun` (via name); x-compounds.md#intermediate-translation-practice `amegun` (via name); spans.md#mention `d@{onodan}` (via name),,,
1790,talent,,translate,,english.md#for `tho / /ɡ/` (via gift); sakes.md#attachment-sites `g…tha…` (via gift),,,
1792,prior,,translate,,hooks.md#discourse-hooks `ul …`; hooks.md#discourse-placements `HOOK LINKER BODY`; numbers.md#from-the-end-—-end-relative-ordinal-marker-ue `g=#-2`; plurality.md#vocatives-y `-rx`,,,
1793,priority,,translate,,say-questions.md#rank-single-item-under-question `…el`; say-questions.md#rank-standalone-under-question `…er`; restrictors.md#ranked-with-listed-occasions `hel / hem`; joins.md#full-single-item-and-standalone-inventories `zael`,,,
1794,online,,triage,,,,,
1795,phrase,,translate,,predication.md#same-endings `zebezal gogal bazawan`; spans.md#pos `/z/`; spans.md#type-vowels `o`; numbers-applied.md#measure-phrases `gezezem g+2`,,,
1797,stable,,triage,,,,,
1798,merely,,translate,,dependents.md#sentence-linkers `xagozal` (via but); joins.md#standalone-phrase `A zal` (via just); say-tense.md#tense-jobs `bare verb (this stretch)` (via just); say-questions.md#set-single-item-under-question `…al` (via just),,,
1799,resolution,,translate,adazo 🌆 closure (closure); egehu 🔑 solution (solution),say-amounts.md#numbered-alternatives-problem-solution-goal `zegehum` (via solution); relations.md#social-relations `gagawum / /b/` (via answer); dependents.md#result-pole `hezadam` (via result); roles.md#result `daoxaguzal` (via result),,,
1800,communicate,,translate,,intention.md#want-endings `thuhur` (via pass),,,
1801,injury,,translate,enehe 🤕 harm (harm),sakes.md#thanks-sorry `…thur behodon` (via harm),,,
1802,vast,,translate,,plurality.md#adjectives-g `zavahal gagegem`; numbers.md#special-number-as-interjection `y~+e` (via huge); numbers.md#scalar-ra-ru `g+1e` (via huge); numeric-derivation.md#hyperbole-sense-1e-1e-1e `ROOTl+1e` (via huge),,,
1803,exhibition,,triage,,,,,
1804,producer,,triage,,,,,
1805,regional,,triage,,,,,
1806,immediate,,translate,,sakes.md#time-horizon-endings-on-met `guduthar`; sakes.md#beginner-agazan-to-english `guhothar`; sakes.md#intermediate-english-to-agazan `thonathor`; sakes.md#intermediate-agazan-to-english `thonathor`,,,
1807,incident,,triage,,,,,
1808,childhood,,triage,,,,,
1810,slip,,translate,ezevu 🥷 sneak (sneak); aregu 🦝 steal (steal); ededo 🧸 teddy (teddy),roles.md#bearer `varegum` (via steal); roles.md#intermediate-translation-practice `varegum` (via steal); roles.md#intermediate-agazan-to-english `varegum` (via steal); speech-moves.md#beginner-translation-practice `vezevul` (via sneak),,,
1811,accompany,,translate,,knowing.md#hold-endings-may `thovom` (via follow); join-across-roles.md#join-act-verbs `vaon` (via follow); spans.md#edge `o` (via follow); join-across-roles.md#join-relations `gaon / haon` (via follow),,,
1812,politician,,triage,,,,,
1814,knock,,translate,abawo ‼️ bang (bang),,,,
1815,seed,,translate,,numbers.md#zero-exponent-number-as-interjection `y+0e-`; numbers.md#zero-exponent-number-as-verb-and-adverb `v+0e-`; numeric-derivation.md#limit-polarity-stage-digitless `ROOTl+e-`; numbers.md#zero-exponent-referential `g+0e-`,,,
1816,salary,,translate,amo 💰 pay (pay),say-tense.md#must-should `bral` (via pay); sakes.md#word-shape `tha` (via pay),,,
1817,illustrate,,triage,,,,,
1818,imply,,translate,,dependents.md#orthography-and-prosody-periods `/y/`; hooks.md#discourse-placements `HOOK BODY`; say-tense.md#future `thumam` (via mean); comparatives.md#judgment-benchmarks-worse-than `zeyen` (via mean),,,
1819,breakfast,,triage,,,,,
1821,liberal,,translate,elava 🐘 big (big),say-questions.md#exclamations `gelavam` (via big); numbers.md#how-big `gelavam` (via big); comparatives.md#comparatives-e `gelavam` (via big); predication.md#existence `gelavam` (via big),,,
1823,qualify,,translate,,causation.md#only-because `thodom / godom` (via condition); questions.md#why `thodom bar` (via condition); causation.md#only-if `thodom / godom` (via condition),,,
1824,competitive,,triage,,,,,
1825,truly,,translate,,numeric-derivation.md#quasi-n-e-1-e-2 `ROOTl+2` (via really); numbers.md#special-number-as-verb-and-adverb `h~-e-` (via really); relations.md#stance-as-of `thenem` (via really); intention.md#want-endings `thuhul` (via really),,,
1826,hi,,triage,,,,,
1829,disk,,translate,eru ⏺️ record (record),knowing.md#evidentiality `therum` (via record); knowing.md#intermediate-translation-practice `therum` (via record); knowing.md#intermediate-english-to-agazan `therum` (via record); knowing.md#intermediate-agazan-to-english `therum` (via record),,,
1830,core,,translate,ahu ❤️ heart (heart); ebeho 🐻 burden (burden); emedo 🍖 meat (meat); emedo 🍖 substance (substance),numeric-derivation.md#limit-polarity-stage-digitless `ROOTl+e` (via essence); english.md#about `~` (via gist); spans.md#exact-paraphrase-proper `~` (via gist); spans.md#endings `-m` (via gist),,,
1831,emotional,,triage,,,,,
1832,aircraft,,triage,,,,,
1833,self,,translate,,sakes.md#sake-inventory `aba`,,,
1834,metal,,triage,,,,,
1835,existence,,translate,,say-tense.md#future `bral` (via world); numbers.md#parts-of-speech-on-numbers `/d/` (via being); numeric-derivation.md#quasi-n-e-1-e-2 `ROOTl-e-1` (via being),,,
1837,panel,,triage,,,,,
1838,prime,,translate,avavu 💮 flower (flower); abuba 🌼 blossom (blossom); aba 🗳️ choice (choice); agudu 🟫 ground (ground),causation.md#beginner-translation-practice `avavul` (via flower); causation.md#beginner-english-to-agazan `zavavul` (via flower); causation.md#beginner-agazan-to-english `zavavul` (via flower); pronouns.md#intermediate-translation-practice `avavul` (via flower),,,
1839,appointment,,translate,arezu 🚻 designation (designation),numbers.md#number-endings `@ / g@#2` (via designation); numbers-applied.md#named-ranges `an` (via naming); joins.md#named-phrase-n `zan` (via naming); word-endings.md#phrasal-proper-names-mid-word-x `duhuxaloden / buhuxaloden` (via naming),,,
1840,emphasize,,triage,,,,,
1841,maximum,,triage,,,,,
1842,effectively,,triage,,,,,
1843,elsewhere,,triage,,,,,
1844,bother,,translate,edeva 😈 devil (devil); avahu 🪰 annoyance (annoyance),sakes.md#emotion-compose `o` (via annoy); hooks.md#extra-noun `el` (via get to); english.md#for `el / /b/` (via get to); predication.md#label-scope `thu` (via get to),,,
1846,sharp,,triage,,,,,
1847,diet,,triage,,,,,
1850,plastic,,translate,,numeric-derivation.md#quasi-n-e-1-e-2 `ROOTl-e-1` (via shaping),,,
1851,complicate,,triage,,,,,
1855,assumption,,translate,,knowing.md#hold-endings-notional `thover`; dependents.md#stand-in-roles `vuan` (via premise); questions.md#polar-stance-fuller-inventory `ua / yual` (via premise),,,
1856,freeze,,triage,,,,,
1859,reputation,,translate,,say-tense.md#tense-jobs `bare verb (this stretch)` (via report),,,
1860,forth,,translate,ovowe ↪️ forward (forward),roles.md#intermediate-translation-practice `onovel` (via forward); roles.md#arrow-rose-compass-vs-face `anovel` (via forward); hooks.md#deixis `um` (via away); hooks.md#extra-noun-stacked-vowels-and-loose-m `ul` (via away),,,
1861,negotiation,,translate,,say-reasons.md#emotion-stimulus-time `hual` (via dialogue); sakes.md#emotion-compose `zezebel wonathumaem gobom balahen` (via dialogue); numeric-derivation.md#scalar-digit-morphs-n-n `ROOTl+3` (via dialogue); say-people-places.md#arrow-roots-as-talk-moves `ewezam` (via talks),,,
1864,democracy,,triage,,,,,
1865,pocket,,translate,,english.md#for `el / /b/` (via bag),,,
1866,lucky,,triage,,,,,
1867,crash,,translate,adeho 💨 dash (dash),sakes.md#emotion-compose `ua` (via collapse),,,
1868,observation,,translate,ome 🪞 reflection (reflection),knowing.md#evidentiality `thunom`; knowing.md#live-vs-memory `thodum`; say-tense.md#tense-jobs `thodum` (via watching),,,
1870,concentration,,translate,ehodo 🎧 immersion (immersion); azabu 🧽 absorption (absorption),,,,
1871,implication,,translate,eve 🕵️ deduction (deduction),,,,
1872,deserve,,triage,,,,,
1873,unusual,,triage,,,,,
1874,defend,,translate,avada 🫯 fight (fight); agadu 💂 guard (guard); agava 🩼 support (support),intention.md#beginner-translation-practice `vavadal` (via fight); knowing.md#beginner-translation-practice `vavadal` (via fight); roles.md#the-event-itself `davadal` (via fight); intention.md#beginner-english-to-agazan `vavadal` (via fight),,,
1875,classic,,triage,,,,,
1876,king,,translate,abage 🔌 power (power),word-endings.md#proper-name--n `/w/`,,,
1877,interaction,,triage,,,,,
1879,collapse,,translate,,sakes.md#emotion-compose `ua`; numbers.md#ambient-magnitude-casual `g+3e0` (via break),,,
1880,borrow,,translate,,questions.md#polar-stance `yaol / yaom` (via take up),,,
1882,dish,,translate,ahabe 🌺 beauty (beauty); ebaha 🍑 peach (peach),hooks.md#hook-compounds `vowogalel` (via serve); numeric-derivation.md#label-code-sense `debudelrowol`; english.md#for `el / /b/` (via bag); word-endings.md#beginner-translation-practice `ahaben` (via beauty),,,
1883,abroad,,triage,,,,,
1884,soul,,translate,ebeza 🧑 person (person),joins.md#unspecified-member-r `zebezal` (via person); predication.md#intermediate-translation-practice `ebezal` (via person); predication.md#intermediate-english-to-agazan `zebezal` (via person); numbers-applied.md#kin-generations `bebezal` (via person),,,
1885,capable,,translate,odo 🚪 open (open),roles.md#gravity `habahal` (via up to); roles.md#viewpoint-vs-landmark `gabahal` (via up to); roles.md#intermediate-agazan-to-english `habahal` (via up to); join-across-roles.md#intermediate-agazan-to-english `gaon` (via open),,,
1886,defeat,,translate,,sakes.md#emotion-compose `ua`,,,
1887,presidential,,triage,,,,,
1888,perfectly,,translate,,numeric-derivation.md#limit-polarity-stage-digitless `ROOTl-e` (via absolutely); numbers.md#zero-exponent-referential `g-0e` (via absolutely); numeric-derivation.md#zero-×-exponent-0e-±0e-1 `ROOTl+0e` (via absolutely),,,
1889,enhance,,triage,,,,,
1890,proud,,translate,,sakes.md#emotion-compose `zebeyum guduthamar`,,,
1892,educational,,triage,,,,,
1893,distinguish,,translate,ezebe 💬 tell (tell); egehu 🔑 key (key),dependents.md#which-person-or-thing-who-that-which `vezebel` (via tell); spans.md#writing `vezebel` (via tell); say-people-places.md#which-noun-with-resume-and-kinds `vezebel` (via tell); say-questions.md#reported-questions `vezebel` (via tell),,,
1894,substantial,,translate,,relations.md#of-relations `guwam` (via material); relations.md#intermediate-translation-practice `guwam` (via material); relations.md#intermediate-english-to-agazan `guwam` (via material); numeric-derivation.md#quasi-n-e-1-e-2 `ROOTl+2` (via real),,,
1895,nearby,,triage,,,,,
1896,manufacturer,,triage,,,,,
1897,slide,,translate,,numbers.md#number-as-discourse-marker-by-marker `ro`,,,
1898,valuable,,triage,,,,,
1899,personally,,translate,,comparatives.md#judgment-benchmarks-worse-than `zazawan zomen zuel gezebul`,,,
1900,breast,,translate,,roles.md#landmark-facing `gonovathol bahazal` (via front),,,
1901,cope,,triage,,,,,
1903,accommodation,,translate,azude 🎚️ adjustment (adjustment),,,,
1905,reporter,,triage,,,,,
1906,climate,,translate,,knowing.md#residue-and-former-climate `thunem`; knowing.md#universality `thogol`,,,
1907,shirt,,triage,,,,,
1909,corporation,,triage,,,,,
1910,chip,,translate,eha ✅ check (check),knowing.md#universality `… hual … thehol` (via check); clause.md#degree-w `wamazam` (via bit); numbers.md#special-number-as-verb-and-adverb `h~+e-` (via scrap); spans.md#close-forms-complete-editorial-close-all `xuxur` (via cut off),,,
1911,winner,,triage,,,,,
1912,encounter,,translate,ahaha 👁️ see (see); eboga 🛝 play (play); adaza 🎲 chance (chance); amega 🔍 find (find),numbers-applied.md#digit-strings `vahahal` (via see); say-people-places.md#as-for `vahahal` (via see); say-questions.md#echo `vahahal` (via see); say-people-places.md#which-noun-with-resume-and-kinds `vahahal` (via see),,,
1914,breathe,,translate,enaha 🛌 rest (rest),word-endings.md#intermediate-translation-practice `vezeban` (via rest); join-across-roles.md#join-act-verbs `vuon` (via rest),,,
1915,excuse,,translate,abaye 🙇 apology (apology),,,,
1920,southern,,triage,,,,,
1923,massive,,triage,,,,,
1924,install,,triage,,,,,
1925,calculate,,translate,azahe 👀 look (look); arehe 🏹 aim (aim); edazo 🔭 forecast (forecast),numbers.md#number-as-stance-by-marker `ra / ru` (via figure); relations.md#locative-relations `hozam / gozam` (via figure); numbers-applied.md#percent-and-percentage-points `yo` (via figure); numbers.md#special-number-as-stance `th+e` (via estimate),,,
1927,mathematics,,translate,,knowing.md#universality `thazal`,,,
1928,upper,,triage,,,,,
1929,creation,,translate,oboga 🧑‍💻 innovation (innovation); aguga 🏛️ institution (institution); era 🧱 foundation (foundation),knowing.md#universality `… hual … thehol` (via founding); say-tense.md#future `bral` (via world),,,
1930,occupy,,translate,eweda 😟 concern (concern),numbers.md#ordinal-rank-annihilated-0e `v#0e` (via take); numbers.md#special-number-as-verb-and-adverb `v#e` (via take); questions.md#polar-stance `yaol / yaom` (via take); sakes.md#consent `thuxegam` (via take),,,
1931,outline,,translate,uzege 🦹 scheme (scheme); ebeyu ✏️ draft (draft),word-endings.md#beginner-translation-practice `ebeyum` (via draft); word-endings.md#beginner-english-to-agazan `ebeyum` (via draft); word-endings.md#the-three-endings `azawam` (via abstract); x-compounds.md#words-you-look-up-not-build `…m…` (via abstract),,,
1932,sufficient,,triage,,,,,
1933,update,,triage,,,,,
1935,preserve,,translate,ezeva 🦸 save (save),intention.md#endings-—-commitment `thudol` (via keep); dependents.md#orthography-and-prosody-periods `/x/` (via keep); intention.md#want-endings `thuhul` (via keep); numbers.md#digitless `ru / …-` (via keep),,,
1936,split,,translate,adeva ➗ divide (divide),relations.md#of-relations `gabom` (via part); plurality.md#verbs-v `/v/` (via separate); causation.md#fault `therar` (via part); english.md#of `gabom / gaham / guwam / /b/` (via part),,,
1937,swing,,translate,,relations.md#of-relations `hozazom / gozazom` (via cut); spans.md#close-forms-complete-editorial-close-all `xuxur` (via cut); hooks.md#hook-resume `ur …` (via drop),,,
1939,journalist,,triage,,,,,
1940,sudden,,triage,,,,,
1941,advertisement,,triage,,,,,
1942,consistent,,translate,,say-amounts.md#sequence-scale `zoel` (via ordered); join-across-roles.md#vp-clause-forms `voel` (via ordered); say-people-places.md#stacked-owners `boel` (via ordered); say-questions.md#rank-standalone-under-question `…oel` (via ordered),,,
1943,originally,,translate,,say-reasons.md#emotion-stimulus-time `brul` (via earlier); say-tense.md#must-should `brul` (via earlier); relations.md#stance-as-of `brul` (via earlier); hooks.md#hook-resume `er …` (via earlier),,,
1944,aside,,translate,,dependents.md#dependent-clauses `hodal` (via by); hooks.md#extra-noun-stacked-vowels-and-loose-m `aem` (via by); hooks.md#intermediate-agazan-to-english `aem` (via by); spans.md#asides-th `th(hagawal)`,,,
1947,severe,,triage,,,,,
1948,gene,,translate,,numbers-applied.md#ordinal-generation-—-digitful-exponent-on `g#3e0`; numbers.md#number-as-adverb-by-marker `ra` (via factor),,,
1949,prospect,,translate,adaza 🎲 chance (chance),say-tense.md#tense-jobs `thodum` (via view); knowing.md#live-vs-memory `thodum` (via view); roles.md#viewpoint-laterals `th` (via view); roles.md#the-scene-e `dexezebal` (via scene),,,
1951,plot,,triage,,,,,
1952,neck,,triage,,,,,
1953,criteria,,translate,,say-people-places.md#antecedent-was-an-adjective-extra-w `/x/ / -r`; word-endings.md#proper-name--n `/w/`,,,
1954,primarily,,translate,,joins.md#beginner-forms `zem` (via mainly); joins.md#clause-joins `zazawan vowogal xel xur.` (via mainly); hooks.md#hook-resume `or …` (via mainly); joins.md#full-single-item-and-standalone-inventories `zuem` (via mainly),,,
1955,integrate,,triage,,,,,
1956,criticism,,translate,,sakes.md#attachment-sites `g…thu…`,,,
1957,convention,,translate,,say-tense.md#future `thabem` (via pattern); say-reasons.md#plan-and-forecast-against-a-snapshot `thabem` (via pattern); knowing.md#forecast `thabem` (via pattern); knowing.md#residue-and-former-climate `thabem` (via pattern),,,
1958,bet,,translate,azahe 👀 look (look); eboga 🛝 play (play),sakes.md#emotion-compose `zezebel wuduthuraor gobom` (via stake); intention.md#endings-—-commitment `thudor` (via stakes); numbers.md#ordinals `ra` (via count); say-tense.md#tense-jobs `thamom` (via count),,,
1959,retain,,translate,,join-across-roles.md#join-act-verbs `van` (via hold); numbers.md#special-number-as-stance `th-e-` (via hold); intention.md#endings-—-commitment `thudol` (via keep); dependents.md#orthography-and-prosody-periods `/x/` (via keep),,,
1961,plain,,translate,evewu 🟩 field (field),speech-moves.md#speech-manner `thagazam`; plurality.md#adjectives-g `zavabalx garagam`; numbers.md#zero-exponent-referential `g+0e`; spans.md#endings `-l` (via bare),,,
1962,volunteer,,translate,,say-questions.md#set-standalone-under-question `…uom` (via offer); say-questions.md#rank-single-item-under-question `…uem` (via offer); say-tense.md#must-should `thonathem` (via offer); sakes.md#prescription-the-ought-this-act-for-this-sake `thonathem` (via offer),,,
1965,abandon,,translate,edeze 🏜️ desert (desert),spans.md#intermediate-english-to-agazan `daxul` (via empty); joins.md#full-single-item-and-standalone-inventories `zul` (via empty); joins.md#universals-domains-generics `zual` (via empty); joins.md#rare-arities-and-edge-readings `…ual / …uol standalone` (via empty),,,
1966,examination,,translate,amega 🔍 scrutiny (scrutiny),word-endings.md#beginner-translation-practice `amegam` (via scrutiny); word-endings.md#beginner-english-to-agazan `amegam` (via scrutiny); say-reasons.md#reasons-causation-practice `udol` (via testing); say-amounts.md#denominator-portion-of-what `dudolx g+95%` (via testing),,,
1968,rapidly,,triage,,,,,
1969,efficient,,triage,,,,,
1970,revolution,,triage,,,,,
1972,spell,,translate,arada ✍️ write (write); elavo 🧝 enchantment (enchantment); uvude 👣 go (go); areve 🔄 turn (turn),dependents.md#dependent-clauses `hehum` (via while); roles.md#intermediate-translation-practice `vuvudel` (via go); hooks.md#deixis `vuvudel` (via go); spans.md#exact-paraphrase-proper `varadal` (via write),,,
1973,premise,,translate,,dependents.md#stand-in-roles `vuan`; questions.md#polar-stance-fuller-inventory `ua / yual`; knowing.md#hold-endings-notional `thover` (via assumption),,,
1974,lean,,translate,araha 🏃 run (run),relations.md#social-relations `gahazum` (via tend); roles.md#role-compounds `varahal` (via run); say-people-places.md#which-noun-with-resume-and-kinds `varahal` (via run); joins.md#and-lists-a `varahal` (via run),,,
1975,dramatic,,triage,,,,,
1976,differ,,triage,,,,,
1977,grateful,,translate,,sakes.md#emotion-compose `o`,,,
1978,protein,,triage,,,,,
1980,distribute,,translate,erede 📻 broadcast (broadcast),say-people-places.md#antecedent-was-a-noun-z-d-or-b `veredem` (via broadcast); say-people-places.md#antecedent-was-a-verb-v `veredem` (via broadcast); say-people-places.md#antecedent-was-an-adjective-ɡ `veredem` (via broadcast); say-people-places.md#antecedent-was-an-adjective-extra-w `veredem` (via broadcast),,,
1981,intellectual,,translate,ebehe 🧠 intellect (intellect),,,,
1982,derive,,translate,,numbers.md#special-number-as-verb-and-adverb `v#e` (via come); numbers.md#ordinal-umpteenth-umpteenth-first-re-ba∅-bu∅ `v#1e-` (via come); say-tense.md#tense-jobs `huham` (via come); numbers.md#from-the-end-—-end-relative-ordinal-marker-ue `v#-2` (via come),,,
1983,crucial,,translate,,joins.md#full-single-item-and-standalone-inventories `zer` (via important); numeric-derivation.md#limit-polarity-stage-digitless `ROOTl+e` (via of the essence),,,
1984,unemployment,,triage,,,,,
1986,crop,,translate,ebade 🌾 harvest (harvest); edeza 👗 dress (dress),pronouns.md#intermediate-translation-practice `vebadem` (via harvest); pronouns.md#intermediate-english-to-agazan `vebadem` (via harvest); pronouns.md#intermediate-agazan-to-english `vebadem` (via harvest); english.md#for `el / /b/` (via work),,,
1987,minority,,triage,,,,,
1989,interpretation,,translate,,spans.md#endings `-m` (via rendering); numbers.md#marker-vowel-referential-identity `_` (via reading); numbers.md#number-as-interjection-by-marker `ro` (via reading),,,
1990,gentleman,,translate,amaha 👨 man (man),,,,
1991,drama,,translate,eboga 🛝 play (play),causation.md#fault `therar` (via play); joins.md#join-type-vowel-series `-l` (via play),,,
1992,landscape,,triage,,,,,
1993,educate,,translate,uzugu 🏫 school (school); edeha 🚆 train (train),relations.md#locative-relations `bedehal` (via train); clause.md#intermediate-translation-practice `edehal` (via train); relations.md#intermediate-translation-practice `edehal` (via train); clause.md#intermediate-english-to-agazan `zedehal` (via train),,,
1994,toy,,translate,eboga 🛝 play (play),knowing.md#hold-endings-notional `thover`; causation.md#fault `therar` (via play); joins.md#join-type-vowel-series `-l` (via play),,,
1996,exhibit,,translate,ebezo 🎁 present (present),sakes.md#time-horizon-endings-on-met `zebezol` (via present); numbers.md#number-as-stance-by-marker `ro`,,,
1997,minor,,translate,ahade 🧒 child (child); amaza 🐁 small (small),numbers-applied.md#kin-generations `zahadel` (via child); spans.md#mention `gamazam` (via small); spans.md#beginner-translation-practice `gamazam` (via small); spans.md#beginner-english-to-agazan `gamazam` (via small),,,
1999,storm,,translate,azeba 😮 surprise (surprise); ereho 😡 rage (rage); abahe 👊 force (force),speech-moves.md#beginner-translation-practice `azebal` (via surprise); english.md#by `hodal / /b/ / hodal barl`,,,
2000,thick,,translate,,sakes.md#thanks-sorry `…thul behodon` (via deep),,,
2002,negotiate,,triage,,,,,
2003,dominate,,translate,ereve 🫅 reign (reign),knowing.md#advanced-translation-practice `thebel` (via rule); knowing.md#advanced-english-to-agazan `thebel` (via rule); knowing.md#advanced-agazan-to-english `thebel` (via rule); speech-moves.md#speech-act-statement-question-command `yel` (via command),,,
2004,supplier,,triage,,,,,
2005,prize,,translate,azadu 🫡 respect (respect); odove 🏆 trophy (trophy); ehezo 💎 value (value); edahe 🪎 treasure (treasure); aba 🗳️ choice (choice),say-questions.md#questions-joins-practice `odovel` (via trophy); join-across-roles.md#intermediate-translation-practice `odovel` (via trophy); join-across-roles.md#intermediate-agazan-to-english `dodovel` (via trophy); numbers.md#intermediate-translation-practice `odovel` (via trophy),,,
2007,peer,,translate,,comparatives.md#judgment-benchmarks-worse-than `zezon`; comparatives.md#equatives-ae-shared-scale `zael` (via equal); comparatives.md#beginner-english-to-agazan `zael` (via equal); comparatives.md#beginner-agazan-to-english `zael` (via equal),,,
2008,pension,,triage,,,,,
2010,acquisition,,translate,,sakes.md#sake-inventory `udu` (via skill); comparatives.md#judgment-benchmarks-worse-than `zazawan zamegun zuel gezehel` (via skill),,,
2011,laughter,,translate,alavo 😂 laugh (laugh),,,,
2012,deeply,,translate,,sakes.md#thanks-sorry `…thul behodon`,,,
2013,recognition,,translate,eweva 👋 acknowledgment (acknowledgment); agavo 💳 credit (credit); aneda 📛 identification (identification),,,,
2014,electricity,,triage,,,,,
2015,assistance,,translate,,sakes.md#thanks-sorry `…tham` (via help),,,
2016,roof,,translate,ageba 🧢 cap (cap),,,,
2017,retirement,,translate,azawe ↙️ retreat (retreat),say-people-places.md#arrow-roots-as-talk-moves `azawem` (via retreat),,,
2019,variation,,translate,ozobo 🚩 sport (sport),,,,
2020,ultimately,,translate,,numbers.md#advanced-english-to-agazan `xrebal` (via finally); numbers.md#special-referential `g#e`; numbers.md#special-number-as-interjection `y~#e` (via finally); phonology.md#phonotactics-word-shape `-rl / -rm` (via finally),,,
2022,soil,,translate,agudu 🟫 ground (ground),sakes.md#emotion-compose `o` (via land); sakes.md#thanks-sorry `…thar` (via land); english.md#as `thevem barl / thabem barl` (via ground); say-reasons.md#english-cues `barl / thevem barl / thabem barl` (via ground),,,
2023,smart,,translate,abawe 🔆 bright (bright),comparatives.md#equatives-ae-shared-scale `gabawel` (via bright); say-questions.md#continuer `yaer` (via fresh); questions.md#polar-endings `yaer` (via fresh),,,
2025,upset,,translate,agavu 😕 confused (confused); eweda 😟 worried (worried); azabo 🫟 disorder (disorder),sakes.md#emotion-compose `e`,,,
2027,representation,,translate,,relations.md#proxy `hadem / gadem` (via agency); sakes.md#sake-inventory `aba` (via agency); numeric-derivation.md#scalar-digit-morphs-n-n `ROOTl+5` (via agency),,,
2029,dispute,,translate,amada ⛰️ challenge (challenge); uduhe ⚔️ conflict (conflict),predication.md#property-is-adj `gamadam` (via challenge); say-amounts.md#sequence-scale `gamadam` (via challenge); comparatives.md#comparatives-e `gamadam` (via challenge); say-amounts.md#distributive-both-are-adj `gamadam` (via challenge),,,
2030,agenda,,translate,,numbers.md#ordinal-umpteenth-umpteenth-first-re-ba∅-bu∅ `x#1e`; word-endings.md#continue-x-overview `/x/`; numbers.md#number-as-discourse-marker-by-marker `ro`,,,
2032,edition,,triage,,,,,
2035,honest,,translate,,speech-moves.md#speech-manner `thaveham`; clause.md#degree-w `wadeham` (via fair); intention.md#endings-—-changeability `thehal` (via good); knowing.md#phasal `huhal` (via good),,,
2036,undertake,,translate,,sakes.md#consent `thuxegal` (via contract); say-tense.md#will-want `thudor` (via attempt); intention.md#try `thudom` (via attempt); intention.md#endings-—-commitment `thudor` (via attempt),,,
2037,retail,,triage,,,,,
2038,wire,,triage,,,,,
2040,gay,,translate,ohoze 🏳️‍🌈 homosexual (homosexual),,,,
2041,publication,,translate,,word-endings.md#the-three-endings `azawam` (via publishing); numeric-derivation.md#scalar-digit-morphs-n-n `ROOTl+1` (via publishing),,,
2044,framework,,translate,,relations.md#beginner `homem / gomem` (via model),,,
2045,zone,,translate,,numbers.md#number-as-adverb-by-marker `ru` (via partition),,,
2046,restrict,,translate,,restrictors.md#on-the-following-adjective-w `/h/` (via limit); numbers.md#special-number-as-verb-and-adverb `v+e` (via bound); numbers.md#stacked-markers `+-` (via bound),,,
2047,trace,,translate,ogoze 👻 ghost (ghost); arehe 🏹 hunt (hunt),knowing.md#hold-endings-may `thovom` (via follow); join-across-roles.md#join-act-verbs `vaon` (via follow); spans.md#edge `o` (via follow); join-across-roles.md#join-relations `gaon / haon` (via follow),,,
2048,inch,,translate,,say-people-places.md#which-noun-with-resume-and-kinds `al` (via in); hooks.md#extra-noun `al` (via in); relations.md#locative-relations `al` (via in); hooks.md#beginner-agazan-to-english `al` (via in),,,
2049,equivalent,,triage,,,,,
2050,solid,,translate,,spans.md#spoken-inventory `xuxul` (via whole); relations.md#of-relations `hozazom / gozazom` (via whole); spans.md#close-forms-complete-editorial-close-all `xuxul` (via whole); joins.md#standalone-phrase `A zal` (via whole),,,
2051,enterprise,,translate,ereze 🙋 initiative (initiative),,,,
2052,elderly,,triage,,,,,
2053,owe,,triage,,,,,
2054,governor,,triage,,,,,
2055,uniform,,triage,,,,,
2056,port,,triage,,,,,
2057,pitch,,translate,agayo ☁️ sky (sky); ege ⚙️ gear (gear),questions.md#polar-stance-fuller-inventory `ue / yuel` (via flip); english.md#as `thevem barl / thabem barl` (via sky); word-endings.md#continue-x-overview `/x/` (via shift),,,
2059,contemporary,,triage,,,,,
2060,gate,,triage,,,,,
2063,specialist,,triage,,,,,
2064,assure,,translate,ezebe 💬 tell (tell); ahaha 👁️ see (see); ereha 💍 promise (promise); anaba 🎛️ control (control); eha ✅ check (check),numbers-applied.md#digit-strings `vahahal` (via see); say-people-places.md#as-for `vahahal` (via see); say-questions.md#echo `vahahal` (via see); say-people-places.md#which-noun-with-resume-and-kinds `vahahal` (via see),,,
2065,profile,,triage,,,,,
2066,mood,,translate,,knowing.md#residue-and-former-climate `thunem` (via climate); knowing.md#universality `thogol` (via climate),,,
2067,episode,,translate,evave 🎞️ sequence (sequence),join-across-roles.md#clause-sequence `xan` (via sequence); word-endings.md#continue-x-overview `clause join + -n` (via sequence); joins.md#full-single-item-and-standalone-inventories `zoem` (via sequence); joins.md#rare-arities-and-edge-readings `A B zel / A B zoel` (via sequence),,,
2068,crack,,translate,uvude 👣 go (go); ododo 🌪️ tornado (tornado); eha ✅ check (check),roles.md#intermediate-translation-practice `vuvudel` (via go); hooks.md#deixis `vuvudel` (via go); say-tense.md#future `grawol` (via a-one); say-amounts.md#pole-from-now `grawol` (via a-one),,,
2069,numerous,,triage,,,,,
2070,submit,,translate,abaye 🙇 bow (bow); ebezo 🎁 present (present),dependents.md#stand-in-roles `varn` (via state); sakes.md#prescription-the-ought-this-act-for-this-sake `vabayel` (via bow); sakes.md#intermediate-translation-practice `vabayel` (via bow); sakes.md#intermediate-english-to-agazan `vabayel` (via bow),,,
2071,symptom,,triage,,,,,
2073,era,,triage,,,,,
2074,coverage,,translate,,say-tense.md#tense-jobs `bare verb (this stretch)` (via reporting),,,
2076,cable,,translate,,say-reasons.md#phase-verbs `vevehal` (via line); join-across-roles.md#intermediate-translation-practice `devehal` (via line); join-across-roles.md#intermediate-english-to-agazan `zevehal` (via line); join-across-roles.md#intermediate-agazan-to-english `zevehal` (via line),,,
2077,sensitive,,translate,uwa 🪵 raw (raw),,,,
2078,nervous,,translate,anago 😰 anxious (anxious),predication.md#intermediate-translation-practice `anagol` (via anxious); sakes.md#emotion-compose `zezebel wuduthuraor gobom` (via anxious); predication.md#scope-name-only `ganagothul` (via anxious); predication.md#intermediate-english-to-agazan `ganagothul` (via anxious),,,
2080,isolate,,triage,,,,,
2081,prisoner,,triage,,,,,
2082,eliminate,,translate,,intention.md#want-endings `thuhur` (via pass); numbers.md#zero-exponent-number-as-interjection `y+0e` (via annihilate); numbers.md#zero-exponent-number-as-verb-and-adverb `v+0e / v+0el` (via annihilate); numeric-derivation.md#zero-×-exponent-0e-±0e-1 `ROOTl+0e` (via annihilate),,,
2083,tight,,translate,,spans.md#close-forms-complete-editorial-close-all `xuxur` (via close); spans.md#edge `xuxul` (via close); spans.md#endings `xuxul` (via close); spans.md#intermediate-english-to-agazan `xuxul` (via close),,,
2084,wet,,triage,,,,,
2085,secondary,,translate,,numeric-derivation.md#ordinal-digit-morphs-n `ROOTl#2`; intention.md#endings-—-commitment `thudor` (via lowly),,,
2086,welfare,,triage,,,,,
2087,recruit,,translate,,hooks.md#advanced-translation-practice `owogalal` (via enter); hooks.md#advanced-english-to-agazan `vowogalal` (via enter); hooks.md#advanced-agazan-to-english `vowogalal` (via enter); numbers.md#number-as-verb-by-marker `ro` (via enter),,,
2089,string,,translate,edeha 🚆 train (train); evedu 🧵 thread (thread),relations.md#locative-relations `bedehal` (via train); clause.md#intermediate-translation-practice `edehal` (via train); relations.md#intermediate-translation-practice `edehal` (via train); clause.md#intermediate-english-to-agazan `zedehal` (via train),,,
2091,persuade,,translate,alaga 🧳 carry (carry),hooks.md#deixis `valagal` (via carry),,,
2092,inspire,,translate,,numbers.md#special-number-as-interjection `y~#e-` (via cheer); numbers.md#ordinal-umpteenth-umpteenth-first-re-ba∅-bu∅ `y#1e` (via cheer); numbers.md#number-as-interjection-by-marker `re` (via cheer),,,
2093,grand,,translate,,numbers.md#bare-oom `g-e3` (via thousand); numbers.md#ambient-magnitude-casual `g+e0` (via thousand); numbers.md#starter-examples `g~+3` (via m); sakes.md#thanks-sorry `…thul behodon` (via m),,,
2094,hence,,translate,,dependents.md#continue-x `xezadam` (via therefore); dependents.md#beginner-translation-practice `xezadam` (via therefore); dependents.md#beginner-agazan-to-english `xezadam` (via therefore); dependents.md#sentence-linkers `xezadam` (via therefore),,,
2095,crew,,triage,,,,,
2096,phenomenon,,triage,,,,,
2097,pupil,,triage,,,,,
2098,false,,translate,,questions.md#polar-stance-fuller-inventory `ue / yuel`; say-tense.md#tense-jobs `thover`; questions.md#polar-stance `yuel / yuem`; sakes.md#consent `thuxegar` (via assumed),,,
2099,assist,,translate,,hooks.md#hook-compounds `vowogalel` (via serve); sakes.md#thanks-sorry `…tham` (via help); sakes.md#prescription-the-ought-this-act-for-this-sake `…them` (via serve),,,
2100,restore,,translate,erabe 🧑‍🔧 repair (repair),sakes.md#unmet-thu-detracts-from-the-sake `…thul` (via fix); predication.md#label-scope `the` (via fix),,,
2101,formula,,translate,ezehe 🧑‍🎤 expression (expression),say-tense.md#future `thabem` (via pattern); say-reasons.md#plan-and-forecast-against-a-snapshot `thabem` (via pattern); knowing.md#forecast `thabem` (via pattern); knowing.md#residue-and-former-climate `thabem` (via pattern),,,
2102,alter,,translate,emeba 🍁 change (change),knowing.md#phasal `huham` (via change); say-tense.md#tense-jobs `huham` (via change); intention.md#endings-—-changeability `theham` (via change),,,
2103,perceive,,triage,,,,,
2105,sink,,translate,,intention.md#want-endings `thuhur` (via pass); hooks.md#hook-resume `ur …` (via drop),,,
2108,hero,,triage,,,,,
2109,supporter,,translate,,x-compounds.md#beginner-translation-practice `zonalebezal` (via friend); x-compounds.md#beginner-english-to-agazan `zonalebezal` (via friend); x-compounds.md#beginner-agazan-to-english `zonalebezal` (via friend); sakes.md#thanks-sorry `…tham` (via help),,,
2110,convert,,translate,emeba 🍁 change (change); abazu 🚌 commute (commute),knowing.md#phasal `huham` (via change); say-tense.md#tense-jobs `huham` (via change); intention.md#endings-—-changeability `theham` (via change); relations.md#exchange `hogem` (via exchange),,,
2111,steady,,translate,ereva 😌 calm (calm),speech-moves.md#speech-act `yul` (via firm); dependents.md#orthography-and-prosody-periods `/y/` (via firm),,,
2115,beside,,triage,,,,,
2116,sail,,translate,eheba 🚢 voyage (voyage),plurality.md#intermediate-translation-practice `umuyul` (via sheet); plurality.md#intermediate-english-to-agazan `zumuyulx` (via sheet); plurality.md#intermediate-agazan-to-english `zumuyulx` (via sheet),,,
2117,disaster,,translate,abava 💣 catastrophe (catastrophe),,,,
2118,pace,,translate,,intention.md#endings-—-map-resolution `thumam` (via step),,,
2119,heavily,,translate,araga 🪨 heavy (heavy),say-amounts.md#amounts-comparing-practice `aragam` (via heavy); comparatives.md#intermediate-translation-practice `aragam` (via heavy); comparatives.md#intermediate-english-to-agazan `garagam` (via heavy); plurality.md#intermediate-translation-practice `aragam` (via heavy),,,
2120,devote,,translate,amo 💰 pay (pay),say-tense.md#must-should `bral` (via pay); sakes.md#word-shape `tha` (via pay); intention.md#endings-—-commitment `thudol` (via commit),,,
2121,terrorist,,triage,,,,,
2122,justify,,translate,,numeric-derivation.md#quasi-n-e-1-e-2 `g-e-2` (via free); joins.md#invert-ua-uo-ue `uo` (via free); join-across-roles.md#join-act-verbs `vuon` (via free); numeric-derivation.md#rank-annihilated-morph-0e `ROOTl#0e` (via free),,,
2123,vital,,translate,,say-tense.md#progressive `thodum` (via lively); say-reasons.md#residue-against-a-snapshot `thodum` (via lively); knowing.md#evidentiality `thodum` (via lively); knowing.md#evidence-clause `thodum` (via lively),,,
2124,fascinate,,translate,umuve 🎥 capture (capture),,,,
2125,external,,translate,,numbers-applied.md#intermediate-agazan-to-english `uel` (via outside); hooks.md#spans `uel` (via outside); numbers-applied.md#ranges `zrarel uel zraval` (via outside); joins.md#invert-ua-uo-ue `uo` (via outside),,,
2126,spare,,translate,ezeva 🦸 save (save),speech-moves.md#speech-manner `thagazam` (via plain); plurality.md#adjectives-g `zavabalx garagam` (via plain); numbers.md#zero-exponent-referential `g+0e` (via plain); spans.md#endings `-l` (via bare),,,
2127,whenever,,triage,,,,,
2128,depression,,translate,,intention.md#endings-—-commitment `thudor` (via low),,,
2129,guilty,,triage,,,,,
2130,underlie,,triage,,,,,
2131,mom,,triage,,,,,
2132,distinction,,translate,onoda 🎵 note (note),numbers.md#number-as-discourse-marker-by-marker `re` (via note),,,
2133,satisfaction,,triage,,,,,
2134,incorporate,,triage,,,,,
2136,sweep,,translate,ebevu 🌉 span (span); ubuva 🧹 broom (broom); ogoza ❌ cross (cross),hooks.md#advanced-translation-practice `owogaluol` (via traverse); hooks.md#advanced-english-to-agazan `vowogaluol` (via traverse); hooks.md#advanced-agazan-to-english `vowogaluol` (via traverse); spans.md#endings `xuxul` (via span),,,
2137,obligation,,translate,ahaba 👜 responsibility (responsibility),,,,
2138,sir,,triage,,,,,
2139,evaluate,,translate,ahaho 🧑‍⚖️ judge (judge); ehezo 💎 value (value),spans.md#intermediate-translation-practice `ahahon` (via judge); numbers.md#marker-vowel-referential-identity `-` (via measure); numeric-derivation.md#scalar-digit-morphs-n-n `ROOTl+1` (via measure); say-amounts.md#unspecified-value-in-the-range-r `zraval ar zrabal` (via value),,,
2141,pub,,triage,,,,,
2144,currency,,triage,,,,,
2145,database,,triage,,,,,
2146,initially,,triage,,,,,
2147,territory,,triage,,,,,
2148,stream,,translate,eheve 🪼 flow (flow); obohe 🫗 pour (pour),causation.md#beginner-translation-practice `vobohel` (via pour); causation.md#beginner-english-to-agazan `vobohel` (via pour); pronouns.md#beginner-translation-practice `vobohel` (via pour); plurality.md#beginner-translation-practice `vobohel` (via pour),,,
2151,apparent,,translate,,speech-moves.md#speech-manner `thagazam` (via plain); plurality.md#adjectives-g `zavabalx garagam` (via plain); numbers.md#zero-exponent-referential `g+0e` (via plain),,,
2152,western,,triage,,,,,
2153,expansion,,triage,,,,,
2154,constantly,,translate,,restrictors.md#always-hual `hual` (via always); restrictors.md#on-the-following-adjective-w `wual` (via always); say-reasons.md#stacks-evidentiality-cause-habit `hual` (via always); say-tense.md#used-to `hual` (via always),,,
2155,muscle,,triage,,,,,
2156,scare,,translate,adeho 💨 dash (dash),,,,
2157,badly,,translate,,sakes.md#thanks-sorry `…thur behodon`,,,
2158,everyday,,translate,ahe 🐹 routine (routine); adehe 👕 casual (casual),word-endings.md#the-three-endings `azawal`; numbers-applied.md#percent-and-percentage-points `yo`,,,
2160,ratio,,triage,,,,,
2161,essay,,translate,,say-tense.md#will-want `thudom` (via try); intention.md#endings-—-commitment `thudom` (via try); sakes.md#prescription-the-ought-this-act-for-this-sake `…ther` (via try); knowing.md#hold-endings-notional `thovel` (via try),,,
2163,withdraw,,translate,azawe ↙️ retreat (retreat),sakes.md#consent `thuxegal`; numbers.md#number-as-verb-by-marker `ru` (via remove); numbers.md#ordinal-rank-annihilated-0e `v#0e` (via take); numbers.md#special-number-as-verb-and-adverb `v#e` (via take),,,
2164,pollution,,translate,onoze 🤢 contamination (contamination),,,,
2166,furniture,,translate,,word-endings.md#proper-name--n `/ɡ/`,,,
2168,apartment,,triage,,,,,
2169,demonstration,,triage,,,,,
2170,analyst,,triage,,,,,
2171,platform,,translate,oboga 🧑‍💻 program (program),,,,
2172,steel,,translate,,word-endings.md#intermediate-translation-practice `gazawan` (via brand); word-endings.md#proper-name--n `/y/` (via brand),,,
2173,cake,,translate,ogodu 🧥 coat (coat),questions.md#beginner-translation-practice `ogodul` (via coat); questions.md#beginner-english-to-agazan `dogodul` (via coat); word-endings.md#beginner-translation-practice `abohal` (via bar); comparatives.md#judgment-benchmarks-worse-than `zomen` (via bar),,,example only
2174,transform,,triage,,,,,
2175,wound,,triage,,,,,
2178,designer,,triage,,,,,
2179,strain,,translate,agado 🐙 reach (reach); onoda 🎵 melody (melody); uduha 🎶 tune (tune),spans.md#beginner-translation-practice `onodal` (via melody); say-tense.md#will-want `thudom` (via try); numbers.md#special-number-as-verb-and-adverb `h~+e-`; say-reasons.md#phase-verbs `vevehal` (via line),,,
2181,album,,triage,,,,,
2182,singer,,triage,,,,,
2183,trail,,translate,odoga 🐕 dog (dog); edeha 🚆 train (train),relations.md#locative-relations `bedehal` (via train); clause.md#intermediate-translation-practice `edehal` (via train); relations.md#intermediate-translation-practice `edehal` (via train); clause.md#intermediate-english-to-agazan `zedehal` (via train),,,
2185,loose,,translate,odo 🚪 open (open),join-across-roles.md#intermediate-agazan-to-english `gaon` (via open); numeric-derivation.md#quasi-n-e-1-e-2 `g-e-2` (via free); joins.md#invert-ua-uo-ue `uo` (via free); join-across-roles.md#join-act-verbs `vuon` (via free),,,
2186,extension,,translate,eweha 🪽 wing (wing),plurality.md#where-x-sits `inner words of a non-opaque span` (via reference); roles.md#viewpoint-laterals `Ending` (via reference); numbers.md#number-as-stance-by-marker `ro` (via reference),,,
2188,gradually,,triage,,,,,
2189,tank,,triage,,,,,
2190,evil,,triage,,,,,
2191,remarkable,,triage,,,,,
2193,grass,,translate,arade 🐀 rat (rat); uzaga 🦨 skunk (skunk),word-endings.md#phrasal-proper-names-mid-word-x `zagavexedehen / zagavexedehexowoden` (via shop),,,
2194,invitation,,triage,,,,,
2195,transition,,translate,agaga 🕰️ passage (passage),,,,
2196,frighten,,triage,,,,,
2197,bid,,translate,agehe 🧙 conjure (conjure); eboga 🛝 play (play); uhu 🌠 wish (wish),speech-moves.md#speech-act-statement-question-command `yel` (via command); predication.md#command-property `yel` (via command); speech-moves.md#beginner-agazan-to-english `yel` (via command); say-amounts.md#pole-from-now `yel` (via command),,,
2198,breed,,translate,amado ✖️ multiply (multiply),numbers.md#special-number-as-verb-and-adverb `h~+e-` (via strain); say-questions.md#rank-standalone-under-question `…aen` (via stock); say-questions.md#set-standalone-under-question `…un` (via stock); joins.md#full-single-item-and-standalone-inventories `zun` (via stock),,,
2199,extraordinary,,triage,,,,,
2200,brilliant,,translate,abawe 🔆 bright (bright),comparatives.md#equatives-ae-shared-scale `gabawel` (via bright),,,
2201,adviser,,triage,,,,,
2202,stem,,translate,abaye 🙇 bow (bow),sakes.md#prescription-the-ought-this-act-for-this-sake `vabayel` (via bow); sakes.md#intermediate-translation-practice `vabayel` (via bow); sakes.md#intermediate-english-to-agazan `vabayel` (via bow); sakes.md#intermediate-agazan-to-english `vabayel` (via bow),,,
2204,mode,,translate,,english.md#by `/h/ / /b/` (via manner); say-people-places.md#antecedent-was-an-adjective-extra-w `/y/ / -r` (via manner); say-people-places.md#antecedent-was-an-adjective-ɡ `/h/ / -r` (via manner); pronouns.md#cross-role-recast `/h/ / -r` (via manner),,,
2206,awful,,translate,,say-reasons.md#emotion-stimulus-time `bral` (via dread),,,
2207,pose,,translate,ebezo 🎁 present (present); ehahe 🪑 position (position); ehahe 🪑 sit (sit),dependents.md#which-person-or-thing-who-that-which `vehahel` (via sit); pronouns.md#resume-r `vehahel` (via sit); say-people-places.md#which-noun-with-resume-and-kinds `vehahel` (via sit); roles.md#this-instance-r `vehahel` (via sit),,,
2208,adjust,,translate,egega ⭕ correct (correct),say-questions.md#set-standalone-under-question `…aol` (via set); join-across-roles.md#join-act-verbs `vuan` (via set); plurality.md#where-x-sits `/ɡ/` (via set); joins.md#standalone-phrase `A B zam` (via set),,,
2209,creative,,triage,,,,,
2210,nowadays,,translate,ebezo 🎁 present (present),sakes.md#time-horizon-endings-on-met `zebezol` (via present); relations.md#as-of `henem / genem / wenem` (via now); say-tense.md#tense-jobs `bare verb (this stretch)` (via now); knowing.md#phasal `hewer` (via now),,,
2211,poem,,triage,,,,,
2212,agricultural,,triage,,,,,
2213,competitor,,translate,owobo 🤽 competition (competition),,,,
2214,alcohol,,triage,,,,,
2215,festival,,triage,,,,,
2216,vegetable,,triage,,,,,
2217,van,,triage,,,,,
2218,confident,,translate,,numbers.md#marker-not-written-as-r-v `+` (via positive); numbers.md#digitless `ra / …+` (via positive); numbers.md#marker-vowel-referential-identity `+` (via positive),,,
2219,planet,,translate,azedo 🛰️ satellite (satellite),,,,
2220,curve,,translate,ewedu 🌬️ wind (wind),sakes.md#beginner-translation-practice `ewedul` (via wind); sakes.md#beginner-english-to-agazan `zewedul` (via wind); relations.md#of-relations `hozazom / gozazom` (via cut); spans.md#close-forms-complete-editorial-close-all `xuxur` (via cut),,,
2221,knee,,triage,,,,,
2222,overcome,,translate,ohaha 🌊 overwhelm (overwhelm),causation.md#intermediate-translation-practice `ohaham` (via overwhelm); causation.md#intermediate-english-to-agazan `bohaham` (via overwhelm); causation.md#intermediate-agazan-to-english `bohaham` (via overwhelm); sakes.md#emotion-compose `ua` (via defeat),,,
2223,web,,translate,agebe 🕸️ network (network),say-amounts.md#numbered-alternatives-problem-solution-goal `agol` (via net),,,
2225,entrance,,translate,umuve 🎥 capture (capture); enaba 📥 incoming (incoming),hooks.md#advanced-translation-practice `owogalal` (via entering); hooks.md#advanced-english-to-agazan `vowogalal` (via entering); hooks.md#advanced-agazan-to-english `vowogalal` (via entering); numbers.md#number-as-verb-by-marker `ro` (via entering),,,
2226,log,,triage,,,,,
2227,giant,,translate,ewehe 🐋 whale (whale),,,,
2228,god,,triage,,,,,
2231,extensive,,translate,ayaho 🧶 blanket (blanket),,,,
2232,interpret,,translate,ahaha 👁️ see (see),numbers-applied.md#digit-strings `vahahal` (via see); say-people-places.md#as-for `vahahal` (via see); say-questions.md#echo `vahahal` (via see); say-people-places.md#which-noun-with-resume-and-kinds `vahahal` (via see),,,
2235,inner,,translate,,plurality.md#where-x-sits `inner words of a non-opaque span`; spans.md#scope-islands `Join inside` (via interior); spans.md#type-vowels `u` (via interior); spans.md#edge `u` (via interior),,,
2237,consult,,triage,,,,,
2238,pink,,triage,,,,,
2239,shadow,,translate,azeha 👒 shade (shade),,,,
2240,strip,,translate,,spans.md#endings `-l` (via bare); numbers.md#ambient-magnitude-casual `g+e0` (via bare); numbers.md#special-number-as-verb-and-adverb `h+e-` (via bare); numbers.md#number-as-discourse-marker-by-marker `re` (via bare),,,
2241,smooth,,translate,agawa 🔈 quiet (quiet); abawe 🔆 shine (shine); obode 🇵🇱 polish (polish),spans.md#beginner-translation-practice `agawal` (via quiet); spans.md#intermediate-translation-practice `agawal` (via quiet); spans.md#intermediate-agazan-to-english `hagawal` (via quiet); spans.md#advanced-translation-practice `agawal` (via quiet),,,
2242,intervention,,triage,,,,,
2243,impress,,translate,,sakes.md#consent `thuxerem` (via affect); sakes.md#prescription-the-ought-this-act-for-this-sake `…thel` (via move),,,
2244,exam,,translate,,say-reasons.md#reasons-causation-practice `udol` (via test); say-amounts.md#denominator-portion-of-what `dudolx g+95%` (via test),,,
2245,vice,,triage,,,,,
2246,radical,,translate,,x-compounds.md#two-roots-one-word `x` (via root); roles.md#viewpoint-laterals `DIR` (via root); numeric-derivation.md#limit-polarity-stage-digitless `ROOTl+e-` (via root); numeric-derivation.md#hyperbole-sense-1e-1e-1e `ROOTl+1e` (via root),,,
2247,similarly,,translate,,knowing.md#evidentiality `thabem`; pronouns.md#how-english-approximates-r `/x/ / -r / /x/` (via likewise),,,
2248,behave,,translate,ebeho 🐻 bear (bear); alaga 🧳 carry (carry),hooks.md#deixis `valagal` (via carry); clause.md#role-letters `/z/` (via act); plurality.md#where-x-sits `/v/` (via act); say-people-places.md#antecedent-was-an-adverb-h `/v/ / -r` (via act),,,
2249,loud,,triage,,,,,
2250,dimension,,translate,,clause.md#role-letters `/ɡ/` (via property); say-people-places.md#antecedent-was-an-adjective-ɡ `/w/ / -r` (via property); pronouns.md#how-english-approximates-r `/ɡ/ / -r / /ɡ/` (via property); say-people-places.md#antecedent-was-an-adverb-h `/ɡ/ / -r` (via property),,,
2251,subsequent,,triage,,,,,
2253,jacket,,translate,agawu 👑 crown (crown); ageba 🧢 cap (cap),,,,
2254,efficiency,,triage,,,,,
2255,dirty,,triage,,,,,
2256,statistic,,triage,,,,,
2257,regularly,,triage,,,,,
2258,resort,,translate,erabe 🧑‍🔧 repair (repair); abaho 🏞️ refuge (refuge),,,,
2259,iron,,triage,,,,,
2261,membership,,translate,,joins.md#rank-e `zel` (via rank); restrictors.md#ranked-with-listed-occasions `hel` (via rank); joins.md#rank-joins `zael` (via rank); numbers.md#ordinal-rank-annihilated-0e `y#0e` (via rank),,,
2263,blind,,triage,,,,,
2264,pure,,translate,,numbers.md#advanced-translation-practice `azal` (via staring); numbers.md#advanced-english-to-agazan `dazal` (via staring); numbers.md#advanced-agazan-to-english `zazal` (via staring); numeric-derivation.md#limit-polarity-stage-digitless `ROOTl+e`,,,
2265,bloody,,triage,,,,,
2266,ally,,translate,,x-compounds.md#beginner-translation-practice `zonalebezal` (via friend); x-compounds.md#beginner-english-to-agazan `zonalebezal` (via friend); x-compounds.md#beginner-agazan-to-english `zonalebezal` (via friend); relations.md#social-relations `gemezem / /b/` (via friend),,,
2267,quantity,,translate,,comparatives.md#amount-scale `gral` (via amount); comparatives.md#vague-amounts `gral` (via amount); comparatives.md#sake-benchmarks `gral` (via amount); numbers.md#zero-exponent-referential `g-0e`,,,
2268,bend,,translate,abaye 🙇 bow (bow); areve 🔄 turn (turn),sakes.md#prescription-the-ought-this-act-for-this-sake `vabayel` (via bow); sakes.md#intermediate-translation-practice `vabayel` (via bow); sakes.md#intermediate-english-to-agazan `vabayel` (via bow); sakes.md#intermediate-agazan-to-english `vabayel` (via bow),,,
2269,mature,,translate,ebeva 🎂 age (age),numbers.md#number-as-verb-by-marker `ra` (via grow),,,
2270,briefly,,translate,,english.md#as `ue` (via shortly); numbers.md#special-number-as-verb-and-adverb `h~-e-` (via shortly); say-tense.md#tense-jobs `brabul / brabum` (via shortly); numbers.md#special-referential `g-e-` (via shortly),,,
2272,disturb,,translate,,sakes.md#emotion-compose `e` (via upset),,,
2273,sustain,,translate,eneza 🪺 nurture (nurture); agava 🩼 support (support),dependents.md#stand-in-roles `vaen` (via confirm); say-tense.md#must-should `thenem / the` (via have); say-tense.md#tense-jobs `thover` (via have); x-compounds.md#families-by-shape `x / a / o / e / u` (via have),,,
2274,flood,,triage,,,,,
2275,poverty,,triage,,,,,
2278,newly,,translate,,numbers.md#number-endings `g+3 / g+`; dependents.md#orthography-and-prosody-periods `/y/`; phonology.md#phonotactics-word-shape `Root(s) V(CV)+`; numbers.md#number-as-discourse-marker-by-marker `ru`,,,
2279,parallel,,translate,,numbers.md#from-the-end-—-end-relative-ordinal-marker-ue `x#-1` (via twin); numeric-derivation.md#quasi-n-e-1-e-2 `ROOTl-e-1` (via twin),,,
2280,gender,,triage,,,,,
2281,sponsor,,translate,,word-endings.md#phrasal-proper-names-mid-word-x `zagavexedehen / zagavexedehexowoden` (via shop),,,
2283,accurate,,translate,,spans.md#exact-paraphrase-proper `(none)` (via exact); joins.md#choice-o `zol` (via exact); join-across-roles.md#vp-clause-forms `xol` (via exact); join-across-roles.md#stance-joins `thol` (via exact),,,
2284,dealer,,triage,,,,,
2285,button,,translate,,sakes.md#emotion-compose `ue` (via push),,,
2289,occasionally,,triage,,,,,
2290,shareholder,,triage,,,,,
2292,discovery,,translate,amega 🔍 find (find); ahavu 🪏 uncovering (uncovering),knowing.md#hold-endings-may `thovol` (via find); knowing.md#beginner-translation-practice `thovol` (via find); knowing.md#beginner-english-to-agazan `thovol` (via find); knowing.md#beginner-agazan-to-english `thovol` (via find),,,
2293,resistance,,triage,,,,,
2295,frequency,,translate,,restrictors.md#ranked-with-listed-occasions `hael / haem`; numbers.md#number-as-adverb-by-marker `ro`,,,
2296,criticize,,triage,,,,,
2297,tap,,translate,aboga 🐛 bug (bug); abeba 🏴‍☠️ exploit (exploit),spans.md#advanced-translation-practice `abogam` (via bug),,,
2298,philosophy,,triage,,,,,
2300,attribute,,translate,,clause.md#role-letters `/ɡ/` (via property); say-people-places.md#antecedent-was-an-adjective-ɡ `/w/ / -r` (via property); pronouns.md#how-english-approximates-r `/ɡ/ / -r / /ɡ/` (via property); say-people-places.md#antecedent-was-an-adverb-h `/ɡ/ / -r` (via property),,,
2301,apologize,,triage,,,,,
2303,grab,,triage,,,,,
2304,entitle,,translate,,say-people-places.md#people-handles-practice `ezudexahazen` (via title); spans.md#exact-paraphrase-proper `@` (via title); plurality.md#associative `-nx` (via title); word-endings.md#proper-name--n `/y/` (via title),,,
2306,involvement,,translate,egeza 💏 intimacy (intimacy),,,,
2308,conventional,,translate,,knowing.md#advanced-translation-practice `thazal` (via formal); knowing.md#advanced-english-to-agazan `thazal` (via formal); knowing.md#advanced-agazan-to-english `thazal` (via formal); numbers.md#from-the-end-—-end-relative-ordinal-marker-ue `g@#-2`,,,
2309,digital,,triage,,,,,
2310,translate,,translate,,numbers.md#marker-vowel-referential-identity `_` (via read); numbers.md#number-as-interjection-by-marker `ro` (via read); spans.md#endings `-m` (via render),,,
2311,edit,,translate,,spans.md#edge `u` (via redact); relations.md#of-relations `hozazom / gozazom` (via cut); spans.md#close-forms-complete-editorial-close-all `xuxur` (via cut),,,
2312,formation,,translate,adabu 📑 organization (organization),relations.md#of-relations `huwam / guwam` (via constitution); numeric-derivation.md#quasi-n-e-1-e-2 `ROOTl-e-1` (via shaping),,,
2313,deposit,,translate,abagu 🏦 bank (bank),say-people-places.md#which-noun-with-resume-and-kinds `babagul` (via bank); relations.md#locative-relations `babagul` (via bank); sakes.md#unmet-thu-detracts-from-the-sake `…thul` (via fix); predication.md#label-scope `the` (via fix),,,
2314,pleasant,,triage,,,,,
2315,overseas,,triage,,,,,
2316,advocate,,triage,,,,,
2317,establishment,,translate,aguga 🏛️ institution (institution); adabu 📑 organization (organization),relations.md#of-relations `huwam / guwam` (via constitution),,,
2318,summary,,triage,,,,,
2319,rough,,translate,,numbers-applied.md#ranges `zrarel am zraval`; numbers.md#starter-examples `g~+3` (via approximate); english.md#about `~` (via approximate); numbers.md#number-endings `~ / g~+3 / g~+` (via approximate),,,
2323,tube,,translate,,say-reasons.md#reasons-causation-practice `udol`,,,
2325,characterize,,translate,,predication.md#classification-packaging `zazawan godogal hual`; say-people-places.md#antecedent-was-an-adjective-ɡ `/v/ / -r`,,,
2326,specify,,translate,,numbers.md#number-as-verb-by-marker `re` (via assign); hooks.md#extra-noun `el` (via intend); english.md#for `hagom / /b/` (via intend); intention.md#endings-—-map-resolution `thumar` (via intend),,,
2327,exact,,translate,edede ™️ claim (claim),knowing.md#advanced-translation-practice `ededem` (via claim); knowing.md#advanced-english-to-agazan `gededem` (via claim); spans.md#exact-paraphrase-proper `(none)`; joins.md#choice-o `zol`,,,
2328,spin,,triage,,,,,
2329,operator,,triage,,,,,
2330,infant,,translate,ebebe 👶 baby (baby),numbers-applied.md#intermediate-translation-practice `abadul` (via baby); numbers-applied.md#intermediate-agazan-to-english `zabadul` (via baby),,,
2331,dig,,translate,agabu 🧭 compass (compass),say-tense.md#tense-jobs `thodom barl / thrul` (via shot); intention.md#endings-—-commitment `thudor` (via shot); roles.md#arrow-rose-compass-vs-face `onoval` (via compass); say-people-places.md#arrow-roots-as-talk-moves `agabul` (via compass),,,
2332,drag,,translate,agagu 🛒 cart (cart),joins.md#beginner-translation-practice `agagul` (via cart); joins.md#beginner-english-to-agazan `zagagul` (via cart); joins.md#beginner-agazan-to-english `zagagul` (via cart); say-people-places.md#arrow-roots-as-talk-moves `azawem` (via pull),,,
2334,wrap,,translate,ewedu 🌬️ wind (wind),sakes.md#beginner-translation-practice `ewedul` (via wind); sakes.md#beginner-english-to-agazan `zewedul` (via wind),,,
2335,anticipate,,translate,ereha 💍 promise (promise),intention.md#endings-—-map-resolution `thumal`; sakes.md#requirement `themehor` (via expect); sakes.md#intermediate-agazan-to-english `themehor` (via expect); say-tense.md#must-should `themehor` (via expect),,,
2336,dependent,,translate,,phonology.md#phonotactics-word-shape `-rl / -rm`; clause.md#role-letters `/z/` (via subject); clause.md#word-order-emphasis `zazawan dagadal vahahal.` (via subject); numbers.md#ordinal-rank-annihilated-0e `z#0e / d#0e / b#0e` (via subject),,,
2337,specialize,,translate,,numbers.md#digitless `ra / …+`,,,
2338,angle,,translate,eveho 🐟 fish (fish),,,,
2340,anxiety,,translate,,predication.md#label-scope `thu`,,,
2341,virus,,triage,,,,,
2342,precisely,,translate,,spans.md#endings `-l`; spans.md#exact-paraphrase-proper `(none)` (via exactly); joins.md#choice-o `zol` (via exactly); join-across-roles.md#vp-clause-forms `xol` (via exactly),,,
2343,rival,,translate,owobo 🤽 competition (competition),comparatives.md#equatives-ae-shared-scale `zael` (via equal); comparatives.md#beginner-english-to-agazan `zael` (via equal); comparatives.md#beginner-agazan-to-english `zael` (via equal); comparatives.md#manner-scale `zael` (via equal),,,
2345,detect,,translate,amega 🔍 find (find),word-endings.md#proper-name--n `/v/` (via observe); knowing.md#hold-endings-may `thovol` (via find); knowing.md#beginner-translation-practice `thovol` (via find); knowing.md#beginner-english-to-agazan `thovol` (via find),,,
2346,teenager,,translate,,numbers-applied.md#named-ranges `z+13 an z+19` (via teen),,,
2347,admire,,triage,,,,,
2348,moderate,,translate,anaba 🎛️ control (control); ehahe 🪑 chair (chair); eha ✅ check (check),word-endings.md#beginner-translation-practice `ehahel` (via chair); word-endings.md#beginner-english-to-agazan `ehahel` (via chair); relations.md#intermediate-translation-practice `ehahel` (via chair); relations.md#intermediate-english-to-agazan `behahel` (via chair),,,
2349,surgery,,translate,,say-people-places.md#antecedent-was-a-noun-z-d-or-b `/w/ / -r` (via or); say-people-places.md#antecedent-was-y-or-x `/y/ / /x/ / -r` (via or); x-compounds.md#one-thing-or-two `two words` (via or); joins.md#choice-o `zom` (via or),,,
2350,musician,,triage,,,,,
2351,significance,,translate,,say-tense.md#future `thumam` (via meaning); comparatives.md#judgment-benchmarks-worse-than `zeyen` (via meaning),,,
2353,illegal,,triage,,,,,
2354,charity,,triage,,,,,
2355,universal,,translate,,comparatives.md#judgment-benchmarks-worse-than `zolon`; joins.md#join-type-vowel-series `ua`; numeric-derivation.md#quasi-n-e-1-e-2 `ROOTl-e-` (via general); say-people-places.md#arrow-roots-as-talk-moves `agabul` (via general),,,
2357,constitute,,translate,,knowing.md#universality `… hual … thehol` (via found); causation.md#beginner-translation-practice `ahazul` (via plant); causation.md#beginner-english-to-agazan `zahazul` (via plant); predication.md#scope-name-only `ganagothul` (via name),,,
2358,adequate,,translate,,comparatives.md#equatives-ae-shared-scale `zael` (via equal); comparatives.md#beginner-english-to-agazan `zael` (via equal); comparatives.md#beginner-agazan-to-english `zael` (via equal); comparatives.md#manner-scale `zael` (via equal),,,
2359,consultant,,triage,,,,,
2360,historian,,triage,,,,,
2361,cousin,,triage,,,,,
2362,visual,,triage,,,,,
2363,stupid,,triage,,,,,
2364,keen,,triage,,,,,
2365,ethnic,,triage,,,,,
2366,twin,,translate,agaba 💑 couple (couple); emeda 🧉 mate (mate); ehu ♊ gemini (gemini),numbers.md#from-the-end-—-end-relative-ordinal-marker-ue `x#-1`; numeric-derivation.md#quasi-n-e-1-e-2 `ROOTl-e-1`; questions.md#polar-stance-fuller-inventory `ae / yael` (via match); predication.md#same-endings `-l` (via match),,,
2367,clinical,,triage,,,,,
2368,eastern,,triage,,,,,
2370,segment,,translate,,word-endings.md#continue-x-overview `/x/` (via section); numbers.md#number-as-discourse-marker-by-marker `ro` (via section),,,
2372,adapt,,triage,,,,,
2373,sand,,translate,,knowing.md#evidentiality `thahum` (via guts),,,
2375,prompt,,translate,abobe 🧑‍🦽 propel (propel),roles.md#viewpoint-laterals `th` (via cue); sakes.md#prescription-the-ought-this-act-for-this-sake `…thel` (via move); sakes.md#time-horizon-endings-on-met `guduthar` (via immediate); sakes.md#beginner-agazan-to-english `guhothar` (via immediate),,,
2376,charm,,translate,ebeya 🥺 appeal (appeal); ewedu 🌬️ influence (influence); umuve 🎥 capture (capture),,,,
2377,react,,translate,,hooks.md#advanced-translation-practice `owogaluel` (via oppose); hooks.md#advanced-english-to-agazan `vowogaluel` (via oppose); hooks.md#advanced-agazan-to-english `vowogaluel` (via oppose),,,
2378,lecture,,translate,ezebe 💬 speech (speech),say-reasons.md#emotion-stimulus-time `zezebel` (via speech); sakes.md#emotion-compose `zezebel` (via speech); say-reasons.md#emotion-feeling-time `zezebel` (via speech); say-reasons.md#emotion-blame `zezebel` (via speech),,,
2379,venture,,translate,amade 🚵 adventure (adventure),numeric-derivation.md#ordinal-digit-morphs-n `ROOTl#2` (via adventure); sakes.md#emotion-compose `zezebel wuduthuraor gobom` (via stake),,,
2380,compound,,translate,,x-compounds.md#families-by-shape `x`; x-compounds.md#two-roots-one-word `a / e / u / o / x`; phonology.md#phonotactics-word-shape `x`; say-people-places.md#antecedent-was-a-verb-v `/z/ / /d/ / /b/ / -r`,,,
2382,mess,,translate,ohaho 🕳️ hole (hole); amada ⛰️ mountain (mountain),numeric-derivation.md#hyperbole-sense-1e-1e-1e `ROOTl+1e`; numbers.md#special-number-as-verb-and-adverb `v~+e` (via lot); comparatives.md#vague-amounts `zeyen` (via lot); plurality.md#where-x-sits `/ɡ/` (via pile),,,
2383,preference,,translate,,comparatives.md#vague-amounts `zomen` (via taste),,,
2384,comprehensive,,triage,,,,,
2386,league,,triage,,,,,
2387,dialog,,translate,,say-reasons.md#emotion-stimulus-time `hual`; sakes.md#emotion-compose `zezebel wonathumaem gobom balahen`; numeric-derivation.md#scalar-digit-morphs-n-n `ROOTl+3`,,,
2388,cream,,translate,abedo 🦇 bat (bat); ebega ⛏️ pick (pick),say-questions.md#set-standalone-under-question `…om` (via pick); sakes.md#sake-inventory `uge` (via pick); join-across-roles.md#join-act-verbs `von` (via pick); joins.md#beginner-forms `zol / zom` (via pick),,,
2389,rapid,,triage,,,,,
2390,cancel,,translate,,knowing.md#advanced-translation-practice `thalul` (via natural); knowing.md#advanced-english-to-agazan `thalul` (via natural); knowing.md#advanced-agazan-to-english `thalul` (via natural); knowing.md#universality `thalul` (via natural),,,
2391,regret,,translate,,say-reasons.md#emotion-stimulus-time `brul`,,,
2393,margin,,triage,,,,,
2394,beneath,,translate,,numbers-applied.md#ranges `zrarel uel zraval` (via below); numbers.md#digitless-exponents `ba / bu` (via below); say-amounts.md#unspecified-value-in-the-range-r `z+3 uer z+5` (via below); numbers.md#stacked-markers `#_` (via below),,,
2395,opponent,,triage,,,,,
2396,resist,,translate,azado 🧍 stand (stand); abuge 🪧 protest (protest),clause.md#beginner-translation-practice `vazadol` (via stand); clause.md#beginner-english-to-agazan `vazadol` (via stand); dependents.md#beginner-translation-practice `vazadol` (via stand); clause.md#beginner-agazan-to-english `vazadol` (via stand),,,
2397,capability,,translate,eze 🥣 capacity (capacity),,,,
2398,absolute,,translate,,numeric-derivation.md#limit-polarity-stage-digitless `ROOTl-e`; numbers.md#zero-exponent-referential `g-0e`; numeric-derivation.md#zero-×-exponent-0e-±0e-1 `ROOTl+0e`; joins.md#rank-e `zel` (via rank),,,
2399,correspond,,translate,eha ✅ check (check),dependents.md#stand-in-roles `vaon` (via agree); questions.md#polar-stance-fuller-inventory `ae / yael` (via match); predication.md#same-endings `-l` (via match); spans.md#close-forms-complete-editorial-close-all `xuxul` (via match),,,
2400,stroke,,translate,ubuve 🪃 throw (throw),say-tense.md#tense-jobs `thodom barl / thrul` (via shot); intention.md#endings-—-commitment `thudor` (via shot),,,
2402,barrier,,triage,,,,,
2403,rid,,translate,,numeric-derivation.md#quasi-n-e-1-e-2 `g-e-2` (via free); joins.md#invert-ua-uo-ue `uo` (via free); join-across-roles.md#join-act-verbs `vuon` (via free); numeric-derivation.md#rank-annihilated-morph-0e `ROOTl#0e` (via free),,,
2404,divorce,,triage,,,,,
2405,ruin,,translate,,numbers.md#ambient-magnitude-casual `g+3e0` (via break),,,
2406,bury,,triage,,,,,
2407,counsel,,translate,agabu 🧭 direction (direction); alode 🏮 guidance (guidance),word-endings.md#phrasal-proper-names-mid-word-x `zuhuxaloden` (via guidance); hooks.md#extra-noun-stacked-vowels-and-loose-m `oel` (via direction); say-people-places.md#arrow-roots-as-talk-moves `agabul` (via direction); sakes.md#sake-inventory `aba` (via direction),,,
2408,tendency,,translate,,predication.md#label-scope `the`,,,
2409,frequent,,translate,,word-endings.md#phrasal-proper-names-mid-word-x `zagavexedehen / zagavexedehexowoden` (via shop),,,
2410,motor,,translate,,sakes.md#motive-tho-time-horizon `thonathom` (via motive); sakes.md#intermediate-english-to-agazan `thonathol` (via motive); sakes.md#intermediate-agazan-to-english `thuduthol` (via motive); sakes.md#attachment-sites `thonathom` (via motive),,,
2412,counter,,translate,ebode 🖨️ replication (replication); eweza ⬅️ return (return),say-people-places.md#arrow-roots-as-talk-moves `ewezam` (via return),,,
2413,possess,,translate,,roles.md#landmark-facing `gazavathol bahazal` (via own); english.md#of `gegabem / /b/` (via own); numbers-applied.md#ordinal-generation-—-digitful-exponent-on `g#3` (via own); roles.md#viewpoint-vs-landmark `th / o / /b/` (via own),,,
2415,valley,,triage,,,,,
2416,float,,translate,ezewe 🏊 swim (swim),say-reasons.md#remote-unreal `vezewel` (via swim); say-tense.md#present-perfect `vezewel` (via swim); restrictors.md#beginner-translation-practice `vezewel` (via swim); restrictors.md#beginner-english-to-agazan `vezewel` (via swim),,,
2417,mad,,translate,ezeha 🤪 crazy (crazy); ezega 🤒 sick (sick),,,,
2418,greatly,,triage,,,,,
2419,visible,,triage,,,,,
2420,electric,,triage,,,,,
2421,impressive,,translate,,dependents.md#which-person-or-thing-who-that-which `vezebel` (via telling); spans.md#writing `vezebel` (via telling); say-people-places.md#which-noun-with-resume-and-kinds `vezebel` (via telling); say-questions.md#reported-questions `vezebel` (via telling),,,
2422,evolution,,triage,,,,,
2424,violent,,translate,ereda 🔴 red (red),predication.md#beginner-translation-practice `eredal` (via red); predication.md#beginner-agazan-to-english `geredal` (via red); hooks.md#beginner-translation-practice `eredal` (via red); hooks.md#beginner-english-to-agazan `geredal` (via red),,,
2425,slave,,triage,,,,,
2426,wealthy,,translate,,say-reasons.md#factivity-if-vs-because `zamol` (via moneyed); relations.md#beginner-translation-practice `amol` (via moneyed); relations.md#beginner-english-to-agazan `bamol` (via moneyed); clause.md#beginner-translation-practice `amol` (via moneyed),,,
2427,architecture,,triage,,,,,
2428,acceptable,,triage,,,,,
2429,journal,,triage,,,,,
2430,coal,,triage,,,,,
2432,random,,triage,,,,,
2433,successfully,,triage,,,,,
2434,depress,,translate,,join-across-roles.md#join-act-verbs `vuen` (via lower),,,
2435,illustration,,translate,,hooks.md#stacked-discourse `aol` (via example); hooks.md#intermediate-agazan-to-english `aol` (via example); numbers.md#stacked-markers `#_` (via example),,,
2436,burst,,translate,,say-amounts.md#numbered-alternatives-problem-solution-goal `ehegom` (via fit); numbers.md#ambient-magnitude-casual `g+3e0` (via break); sakes.md#emotion-compose `ua` (via collapse),,,
2437,privilege,,triage,,,,,
2438,buyer,,triage,,,,,
2439,mutual,,translate,,knowing.md#universality `thogol` (via common); knowing.md#advanced-translation-practice `thogol` (via common); knowing.md#advanced-english-to-agazan `thogol` (via common); knowing.md#advanced-agazan-to-english `thogol` (via common),,,
2440,rail,,translate,edeha 🚆 train (train),relations.md#locative-relations `bedehal` (via train); clause.md#intermediate-translation-practice `edehal` (via train); relations.md#intermediate-translation-practice `edehal` (via train); clause.md#intermediate-english-to-agazan `zedehal` (via train),,,
2441,motivate,,translate,abobe 🧑‍🦽 propel (propel),sakes.md#prescription-the-ought-this-act-for-this-sake `…thel` (via move),,,
2442,laboratory,,triage,,,,,
2443,mortgage,,triage,,,,,
2444,promotion,,translate,alede 🪜 advancement (advancement),roles.md#intermediate-translation-practice `onovel` (via forwarding); roles.md#arrow-rose-compass-vs-face `anovel` (via forwarding),,,
2446,champion,,translate,aza ⭐ star (star),numbers.md#advanced-translation-practice `azal` (via star); numbers.md#advanced-english-to-agazan `dazal` (via star); numbers.md#advanced-agazan-to-english `zazal` (via star); x-compounds.md#beginner-translation-practice `zonalebezal` (via friend),,,
2447,fulfill,,translate,,questions.md#fill-ask `zar / var / xar` (via fill); say-questions.md#set-standalone-under-question `…or` (via fill); relations.md#of-relations `haham / gaham` (via fill); say-questions.md#set-single-item-under-question `…or` (via fill),,,
2448,dust,,triage,,,,,
2449,dedicate,,translate,,intention.md#endings-—-commitment `thudol` (via commit),,,
2451,skirt,,translate,ebedu 🐦 bird (bird); adagu 🦆 duck (duck); ereha 💍 ring (ring),joins.md#respectively `debedul` (via bird); relations.md#beginner `badagul` (via duck); relations.md#beginner-translation-practice `adagul` (via duck); relations.md#beginner-english-to-agazan `badagul` (via duck),,,
2452,province,,translate,ahaba 👜 responsibility (responsibility),dependents.md#stand-in-roles `varn` (via state); knowing.md#phasal `hagem` (via state); say-tense.md#tense-jobs `hagem` (via state),,,
2453,march,,translate,,relations.md#locative-relations `hebevum / gebevum` (via edge); numbers.md#number-as-stance-by-marker `ro` (via exhibit),,,
2454,evaluation,,triage,,,,,
2456,accomplish,,translate,agado 🐙 reach (reach),clause.md#role-letters `/v/` (via action); word-endings.md#intermediate-translation-practice `vazehen` (via action); english.md#by `/z/` (via action); say-people-places.md#antecedent-was-a-verb-v `/v/ / -r` (via action),,,
2457,weakness,,translate,,join-across-roles.md#clause-sequence `xon` (via failing); intention.md#endings-—-commitment `thudor` (via failing),,,
2460,glance,,translate,ebaga 🫣 peek (peek),,,,
2461,opera,,triage,,,,,
2463,brush,,triage,,,,,
2464,embarrass,,triage,,,,,
2465,gallery,,translate,,hooks.md#advanced-translation-practice `owogaloel` (via heading); hooks.md#advanced-english-to-agazan `vowogaloel` (via heading); hooks.md#advanced-agazan-to-english `vowogaloel` (via heading); say-people-places.md#arrow-roots-as-talk-moves `agabul` (via heading),,,
2466,genetic,,triage,,,,,
2467,aggressive,,triage,,,,,
2468,chest,,triage,,,,,
2469,format,,triage,,,,,
2470,literary,,triage,,,,,
2471,govern,,translate,ebedo 🍱 order (order),knowing.md#advanced-translation-practice `thebel` (via rule); knowing.md#advanced-english-to-agazan `thebel` (via rule); knowing.md#advanced-agazan-to-english `thebel` (via rule); say-amounts.md#sequence-scale `zoel` (via order),,,
2472,embrace,,translate,ahage 🫂 hug (hug),,,,
2473,praise,,translate,,sakes.md#attachment-sites `g…tha…`,,,
2474,silent,,translate,amuyu 🔇 mute (mute),say-people-places.md#antecedent-was-a-noun-z-d-or-b `vamuyul` (via mute); say-people-places.md#antecedent-was-a-verb-v `vamuyul` (via mute); say-people-places.md#antecedent-was-an-adverb-h `vamuyul` (via mute); say-people-places.md#antecedent-was-y-or-x `vamuyul` (via mute),,,
2475,pump,,translate,ahu ❤️ heart (heart),,,,
2476,publisher,,triage,,,,,
2479,compensation,,triage,,,,,
2480,classical,,triage,,,,,
2481,weigh,,translate,,numbers.md#ordinals `ra` (via count); say-tense.md#tense-jobs `thamom` (via count); restrictors.md#on-the-following-adjective-w `/h/` (via count); numbers.md#how-many `g=+` (via count),,,
2482,versus,,triage,,,,,
2483,deficit,,translate,,numbers.md#scalar-ra-ru `g-1e`; numbers.md#special-referential `g~-e`; numeric-derivation.md#limit-polarity-stage-digitless `ROOTl-`; numbers.md#number-as-interjection-by-marker `ru`,,,
2484,modify,,translate,emeba 🍁 change (change),say-amounts.md#denominator-portion-of-what `zagadalx g+25%`; knowing.md#phasal `huham` (via change); say-tense.md#tense-jobs `huham` (via change); intention.md#endings-—-changeability `theham` (via change),,,
2485,flash,,translate,ewega 😉 wink (wink); ahode 💓 heartbeat (heartbeat); adeho 💨 dash (dash); evevo 🖼️ ostentation (ostentation); adebo 🪊 fanfare (fanfare),,,,
2486,friendship,,triage,,,,,
2487,profession,,triage,,,,,
2488,literally,,translate,,numbers.md#number-endings `~ / g~+3 / g~+`,,,
2489,equation,,translate,egawa 🟰 equality (equality),join-across-roles.md#join-act-verbs `vaen` (via equating); join-across-roles.md#join-relations `gaen / haen` (via equating),,,
2490,gesture,,translate,ewawe 🛞 motion (motion),,,,
2491,entertain,,translate,,knowing.md#beginner-translation-practice `vevegal` (via think of); knowing.md#beginner-english-to-agazan `vevegal` (via think of); knowing.md#beginner-agazan-to-english `vevegal` (via think of); say-tense.md#will-want `thumar` (via think of),,,
2492,fantastic,,triage,,,,,
2493,assign,,translate,uzubu 🥄 portion (portion),numbers.md#number-as-verb-by-marker `re`; speech-moves.md#speech-manner `thagazam` (via put); join-across-roles.md#join-act-verbs `vaen` (via put); relations.md#of-relations `hozazom / gozazom` (via portion),,,
2494,inflation,,translate,evevo 🖼️ ostentation (ostentation),,,,
2495,historic,,triage,,,,,
2497,remote,,translate,,numbers-applied.md#intermediate-agazan-to-english `uel` (via outside); hooks.md#spans `uel` (via outside); numbers-applied.md#ranges `zrarel uel zraval` (via outside); joins.md#invert-ua-uo-ue `uo` (via outside),,,
2498,therapy,,triage,,,,,
2500,twist,,translate,areza 🤼‍♂️ wrestle (wrestle); ewehu 🪱 worm (worm); agoza 🚧 construction (construction); ewedu 🌬️ wind (wind); erevo 🔧 wrench (wrench); areve 🔄 turn (turn),sakes.md#beginner-translation-practice `ewedul` (via wind); sakes.md#beginner-english-to-agazan `zewedul` (via wind); roles.md#beginner-translation-practice `agozal` (via construction); roles.md#beginner-english-to-agazan `dagozal` (via construction),,,
2501,personnel,,translate,abahe 👊 force (force),,,,
2502,imagination,,translate,egaha 🦅 vision (vision),,,,
2503,disagree,,triage,,,,,
2504,throat,,triage,,,,,
2506,tackle,,triage,,,,,
2507,forever,,translate,,restrictors.md#always-hual `hual` (via always); restrictors.md#on-the-following-adjective-w `wual` (via always); say-reasons.md#stacks-evidentiality-cause-habit `hual` (via always); say-tense.md#used-to `hual` (via always),,,
2508,exceed,,translate,,intention.md#want-endings `thuhur` (via pass); say-questions.md#rank-single-item-under-question `…em` (via top),,,
2509,expenditure,,translate,agagu 🛒 consumption (consumption),,,,
2510,joy,,translate,egeva 😀 delight (delight),sakes.md#intermediate-translation-practice `ozul` (via pleasure); comparatives.md#advanced-translation-practice `ozun` (via pleasure); comparatives.md#advanced-agazan-to-english `zozun` (via pleasure); sakes.md#time-horizon-endings-on-met `gozuthar` (via pleasure),,,
2512,reliable,,translate,,speech-moves.md#speech-manner `thaveham` (via honest); questions.md#polar-stance-fuller-inventory `ae / yael` (via true); questions.md#polar-stance `yael / yaem` (via true); predication.md#label-scope `tho` (via true),,,
2514,click,,translate,odoga 🐕 dog (dog); edebe 🌄 dawn (dawn),say-people-places.md#stacked-owners `bodogal` (via dog); say-questions.md#exclamations `zodogal` (via dog); clause.md#who-acts-and-the-action `zodogal` (via dog); joins.md#and-lists-a `zodogal` (via dog),,,
2515,poet,,triage,,,,,
2516,fortune,,translate,elede 🐞 luck (luck); uzubu 🥄 portion (portion); adaza 🎲 chance (chance),sakes.md#speaker-attitude `theledem` (via chance); numeric-derivation.md#hyperbole-sense-1e-1e-1e `ROOTl+1e-` (via chance); numbers.md#special-number-as-stance `th+0e` (via chance); numbers.md#special-number-as-verb-and-adverb `v~+e` (via lot),,,
2518,pile,,translate,amada ⛰️ mountain (mountain); adahe ⏬ down (down),roles.md#viewpoint-vs-landmark `hadahel` (via down); roles.md#intermediate-english-to-agazan `hadahel` (via down); roles.md#intermediate-agazan-to-english `hadahel` (via down); plurality.md#where-x-sits `/ɡ/`,,,
2520,mixture,,translate,adego 🌮 variety (variety),,,,
2521,automatically,,triage,,,,,
2522,scholar,,triage,,,,,
2523,psychological,,triage,,,,,
2524,dramatically,,triage,,,,,
2525,stake,,translate,amade 🚵 adventure (adventure); abaga ↩️ back (back),sakes.md#emotion-compose `zezebel wuduthuraor gobom`; intention.md#endings-—-commitment `thudor`; hooks.md#hook-resume `or …` (via back); roles.md#intermediate-translation-practice `azaval` (via back),,,
2526,creature,,translate,,english.md#by `ael / /b/` (via tool),,,
2528,participation,,triage,,,,,
2530,penalty,,triage,,,,,
2531,chamber,,translate,,x-compounds.md#words-you-look-up-not-build `zebedalahazal` (via bedroom); phonology.md#phonotactics-word-shape `x` (via bedroom); x-compounds.md#one-thing-or-two `dictionary word` (via bedroom),,,
2532,fancy,,translate,ahaha 👁️ see (see),numbers-applied.md#digit-strings `vahahal` (via see); say-people-places.md#as-for `vahahal` (via see); say-questions.md#echo `vahahal` (via see); say-people-places.md#which-noun-with-resume-and-kinds `vahahal` (via see),,,
2533,poetry,,triage,,,,,
2534,chat,,triage,,,,,
2535,clothing,,triage,,,,,
2536,evolve,,triage,,,,,
2538,shelf,,triage,,,,,
2539,boost,,translate,abaha ⏫ rise (rise),hooks.md#discourse-hooks `al …` (via further); knowing.md#hold-endings-notional `thovem` (via further),,,
2540,tail,,translate,ububa 💩 poop (poop); odoga 🐕 dog (dog); ezeda 💺 seat (seat),numbers.md#group-separator `zezedal` (via seat); numbers.md#intermediate-translation-practice `ezedal` (via seat); numbers.md#intermediate-english-to-agazan `zezedal` (via seat); numbers.md#intermediate-agazan-to-english `zezedal` (via seat),,,
2541,possession,,translate,egabe ©️ ownership (ownership),sakes.md#intermediate-translation-practice `egabem` (via ownership); joins.md#shared-after-the-join `gegabem` (via ownership); pronouns.md#cross-role-recast `/ɡ/ / -r`; say-people-places.md#antecedent-was-a-noun-z-d-or-b `/ɡ/ / -r`,,,
2542,abortion,,triage,,,,,
2543,curious,,triage,,,,,
2544,wooden,,triage,,,,,
2547,democratic,,triage,,,,,
2549,consequently,,translate,,dependents.md#continue-x `xezadam` (via therefore); dependents.md#beginner-translation-practice `xezadam` (via therefore); dependents.md#beginner-agazan-to-english `xezadam` (via therefore); dependents.md#sentence-linkers `xezadam` (via therefore),,,
2550,pot,,translate,uzaga 🦨 skunk (skunk); amada ⛰️ mountain (mountain); ododa 🚽 toilet (toilet),say-tense.md#can-may `xa` (via can); say-questions.md#set-standalone-under-question `…uam` (via can); x-compounds.md#families-by-shape `x / a / e / o / u` (via can); sakes.md#thanks-sorry `…thum behodon` (via can),,,
2552,strengthen,,triage,,,,,
2553,whilst,,triage,,,,,
2554,constraint,,triage,,,,,
2555,fold,,translate,,numeric-derivation.md#scalar-digit-morphs-n-n `ROOTl+5`; spans.md#close-forms-complete-editorial-close-all `xuxur` (via close); spans.md#edge `xuxul` (via close); spans.md#endings `xuxul` (via close),,,
2556,bin,,triage,,,,,
2557,undergo,,triage,,,,,
2558,potentially,,triage,,,,,
2560,pretend,,translate,ezaze 🎦 make-believe (make-believe),sakes.md#consent `thuxerem` (via affect); causation.md#make `thegem / /b/` (via make); clause.md#role-letters `/z/` (via act); plurality.md#where-x-sits `/v/` (via act),,,
2562,allege,,translate,,knowing.md#evidentiality `themam` (via say); say-tense.md#tense-jobs `bral` (via say); hooks.md#hook-resume `er …` (via say); sakes.md#emotion-compose `zezebel wuduthuruol gobom` (via say),,,
2564,intense,,triage,,,,,example only
2566,resign,,translate,,numeric-derivation.md#quasi-n-e-1-e-2 `g-e-2` (via free); joins.md#invert-ua-uo-ue `uo` (via free); join-across-roles.md#join-act-verbs `vuon` (via free); numeric-derivation.md#rank-annihilated-morph-0e `ROOTl#0e` (via free),,,
2568,strict,,translate,,hooks.md#spans `ual`; numbers-applied.md#ranges `zrarel ual zraval`; spans.md#exact-paraphrase-proper `(none)` (via exacting); joins.md#choice-o `zol` (via exacting),,,
2569,concrete,,translate,,plurality.md#associative `-lx`,,,
2571,damn,,translate,egeze 🤬 curse (curse),causation.md#fault `theral` (via blame),,,
2572,distinct,,translate,,numbers.md#number-as-discourse-marker-by-marker `ru`; intention.md#endings-—-changeability `thehal` (via decided),,,
2573,humor,,triage,,,,,
2574,limitation,,translate,alage 🔒 restriction (restriction),restrictors.md#on-the-following-adjective-w `/h/` (via limit),,,
2575,indication,,translate,,numbers.md#marker-vowel-referential-identity `_` (via reading); numbers.md#number-as-interjection-by-marker `ro` (via reading),,,
2577,wise,,translate,,say-questions.md#continuer `yaer` (via fresh); questions.md#polar-endings `yaer` (via fresh); knowing.md#hold-endings-may `thovor` (via knowing); knowing.md#beginner-translation-practice `thovor` (via knowing),,,
2579,compose,,translate,arada ✍️ write (write); evevo 🖼️ frame (frame); ebewu 🖊️ pen (pen),predication.md#intermediate-translation-practice `evevol` (via frame); predication.md#intermediate-english-to-agazan `devevol` (via frame); predication.md#intermediate-agazan-to-english `zevevol` (via frame); spans.md#exact-paraphrase-proper `varadal` (via write),,,
2580,jail,,triage,,,,,
2582,mere,,translate,,spans.md#endings `-l` (via bare); numbers.md#ambient-magnitude-casual `g+e0` (via bare); numbers.md#special-number-as-verb-and-adverb `h+e-` (via bare); numbers.md#number-as-discourse-marker-by-marker `re` (via bare),,,
2583,carbon,,translate,,hooks.md#parallel-chains `A al B al C` (via c); joins.md#invert-ua-uo-ue `ue` (via c),,,
2584,regulate,,translate,ebedo 🍱 order (order); ewedu 🌬️ influence (influence),numeric-derivation.md#limit-polarity-stage-digitless `ROOTl-e-` (via shape); say-amounts.md#sequence-scale `zoel` (via order); join-across-roles.md#vp-clause-forms `voel` (via order); say-people-places.md#stacked-owners `boel` (via order),,,
2586,trigger,,triage,,,,,
2587,pipe,,translate,,say-reasons.md#reasons-causation-practice `udol` (via tube),,,
2588,destruction,,translate,azaga 💀 death (death); ogove ⚰️ end (end),numbers.md#from-the-end-—-end-relative-ordinal-marker-ue `gruedul` (via end); numbers.md#advanced-english-to-agazan `gruedul` (via end); say-tense.md#tense-jobs `hewem` (via end); numbers-applied.md#ranges `zrarel am zraval` (via end),,,
2595,whisper,,triage,,,,,
2596,rear,,translate,eleva 🏋️ lift (lift); eneza 🪺 nurture (nurture); ezeda 💺 seat (seat); abaga ↩️ back (back); abaha ⏫ rise (rise),numbers.md#group-separator `zezedal` (via seat); numbers.md#intermediate-translation-practice `ezedal` (via seat); numbers.md#intermediate-english-to-agazan `zezedal` (via seat); numbers.md#intermediate-agazan-to-english `zezedal` (via seat),,,
2597,menu,,translate,,joins.md#full-single-item-and-standalone-inventories `zor`; joins.md#unspecified-member-r `zor / vor / xor`; join-across-roles.md#clause-sequence `xon`; joins.md#invert-ua-uo-ue `uo`,,,
2598,species,,triage,,,,,
2600,presumably,,triage,,,,,
2602,airline,,triage,,,,,
2603,amendment,,triage,,,,,
2604,grandmother,,triage,,,,,
2605,jury,,triage,,,,,
2607,civilian,,triage,,,,,
2610,regardless,,triage,,,,,
2611,scan,,translate,,numbers.md#marker-vowel-referential-identity `_` (via read); numbers.md#number-as-interjection-by-marker `ro` (via read),,,
2612,bunch,,translate,,numbers.md#special-number-as-verb-and-adverb `v~+e` (via lot); comparatives.md#vague-amounts `zeyen` (via lot); joins.md#full-single-item-and-standalone-inventories `zan` (via bundle),,,
2613,racial,,triage,,,,,
2614,greet,,triage,,,,,
2616,sanction,,translate,abaza 👮 authority (authority); ezevo 🦭 imprimatur (imprimatur),joins.md#advanced-agazan-to-english `zezevom` (via imprimatur); questions.md#polar-stance `yaol / yaom` (via okay),,,
2618,paragraph,,triage,,,,,
2619,maker,,triage,,,,,
2621,stimulate,,translate,,causation.md#cause `thegem` (via cause); say-reasons.md#reasons-causation-practice `thegem` (via cause); causation.md#make `thegem` (via cause); causation.md#intermediate-translation-practice `thegem` (via cause),,,
2622,belt,,translate,abawo ‼️ bang (bang),,,,
2624,narrative,,translate,azo 📜 tale (tale),knowing.md#intermediate-translation-practice `thazom` (via story); knowing.md#intermediate-agazan-to-english `thazom` (via story); knowing.md#evidentiality `thazom`; joins.md#standalone-phrase `A zal` (via story),,,
2625,tissue,,triage,,,,,
2626,barely,,translate,,spans.md#endings `-l`; numbers.md#ambient-magnitude-casual `g+e0`; numbers.md#special-number-as-verb-and-adverb `h+e-`; numbers.md#number-as-discourse-marker-by-marker `re`,,,
2627,invent,,translate,ameva 🧑‍🏭 manufacture (manufacture),,,,
2628,tourism,,triage,,,,,
2629,pro,,translate,,comparatives.md#judgment-benchmarks-worse-than `zegun` (via professional); comparatives.md#advanced-translation-practice `egun` (via professional); comparatives.md#advanced-english-to-agazan `zegun` (via professional); comparatives.md#advanced-agazan-to-english `zegun` (via professional),,,
2630,stair,,translate,,intention.md#endings-—-map-resolution `thumam` (via step),,,
2631,hesitate,,translate,awava 🧇 waffle (waffle); obozu ⏸️ pause (pause),,,,
2633,motivation,,translate,,sakes.md#motive-tho-time-horizon `thonathom` (via motive); sakes.md#intermediate-english-to-agazan `thonathol` (via motive); sakes.md#intermediate-agazan-to-english `thuduthol` (via motive); sakes.md#attachment-sites `thonathom` (via motive),,,
2634,romantic,,triage,,,,,
2635,firmly,,translate,,speech-moves.md#speech-act `yul`; dependents.md#orthography-and-prosody-periods `/y/`,,,
2636,interior,,translate,ahaza 🏠 home (home),spans.md#scope-islands `Join inside`; spans.md#type-vowels `u`; spans.md#edge `u`; sakes.md#emotion-compose `a` (via inside),,,
2637,stomach,,translate,azado 🧍 stand (stand); ebeho 🐻 bear (bear); agava 🩼 support (support),clause.md#beginner-translation-practice `vazadol` (via stand); clause.md#beginner-english-to-agazan `vazadol` (via stand); dependents.md#beginner-translation-practice `vazadol` (via stand); clause.md#beginner-agazan-to-english `vazadol` (via stand),,,
2640,championship,,translate,,hooks.md#hook-resume `or …` (via backing); roles.md#intermediate-translation-practice `azaval` (via backing); say-people-places.md#arrow-roots-as-talk-moves `ewezam` (via backing); sakes.md#emotion-compose `ue` (via backing),,,
2641,servant,,triage,,,,,
2642,immigrant,,triage,,,,,
2643,excess,,translate,,roles.md#the-extra-b-party-o `…oxROOT…` (via extra); numbers-applied.md#measure-phrases `bezezem g+2` (via extra); numbers.md#parts-of-speech-on-numbers `/b/` (via extra); sakes.md#attachment-sites `/w/ / /ɡ/` (via extra),,,
2645,liability,,triage,,,,,
2646,surprisingly,,triage,,,,,
2647,extract,,translate,abehu 🔘 selection (selection),say-people-places.md#arrow-roots-as-talk-moves `azawem` (via pull); roles.md#gravity `adahel` (via pull),,,
2648,implementation,,triage,,,,,
2649,bias,,triage,,,,,
2650,differently,,translate,,dependents.md#orthography-and-prosody-periods `.` (via otherwise); joins.md#full-single-item-and-standalone-inventories `zur` (via other than); restrictors.md#unspecified-member-r `hur` (via other than); joins.md#rare-arities-and-edge-readings `A B zar / zur / zual` (via other than),,,example only
2651,catalog,,translate,,numeric-derivation.md#infinite-landmark-labels-e-e-1e `ROOTl_e`,,,
2652,continuous,,triage,,,,,
2653,golden,,translate,ogoda 🥇 gold (gold),numeric-derivation.md#advanced-translation-practice `ogodal` (via gold); numeric-derivation.md#advanced-english-to-agazan `dogodalrabul` (via gold); numeric-derivation.md#advanced-agazan-to-english `dogodalrabal` (via gold),,,
2654,stamp,,translate,ezevo 🦭 seal (seal),joins.md#advanced-translation-practice `ezevom` (via seal); relations.md#social-relations `gagawum / /b/` (via boss),,,
2655,guideline,,triage,,,,,
2658,biological,,triage,,,,,
2659,consume,,translate,agude 🍴 eat (eat); azebe 💸 waste (waste); adahe ⏬ down (down),comparatives.md#vague-amounts `vagudel` (via eat); roles.md#viewpoint-vs-landmark `hadahel` (via down); roles.md#intermediate-english-to-agazan `hadahel` (via down); roles.md#intermediate-agazan-to-english `hadahel` (via down),,,
2661,weekly,,translate,,numeric-derivation.md#scalar-digit-morphs-n-n `ROOTl+7`,,,
2662,wherever,,triage,,,,,
2663,bite,,translate,,clause.md#degree-w `wamazam`,,,
2665,firstly,,translate,ogoda 🥇 first (first),numbers.md#ordinal-umpteenth-umpteenth-first-re-ba∅-bu∅ `g#3e-`; numbers.md#special-referential `g~#e-`; say-questions.md#rank-single-item-under-question `…en`; numeric-derivation.md#ordinal-digit-morphs-n `ROOTl#1`,,,
2669,exhaust,,translate,agude 🍴 eat (eat); ahego ⏏️ eject (eject),comparatives.md#vague-amounts `vagudel` (via eat),,,
2674,veteran,,triage,,,,,
2676,nerve,,translate,aveza 🙂 face (face); ahu ❤️ heart (heart); egewu 🖍️ boldness (boldness),roles.md#arrow-rose-compass-vs-face `onoval` (via face),,,
2677,determination,,translate,eha ✅ decision (decision),knowing.md#hold-endings-may `thovol` (via finding); knowing.md#beginner-translation-practice `thovol` (via finding); knowing.md#beginner-english-to-agazan `thovol` (via finding); knowing.md#beginner-agazan-to-english `thovol` (via finding),,,
2678,altogether,,translate,uwa 🪵 raw (raw),numeric-derivation.md#scalar-digit-morphs-n-n `ROOTl+7` (via completely); numbers.md#zero-exponent-number-as-verb-and-adverb `v-0e` (via totally); numbers.md#zero-exponent-number-as-interjection `y-0e` (via totally); numbers.md#zero-exponent-referential `g-0e` (via totally),,,
2679,fiction,,translate,aguza 👷 fabrication (fabrication),roles.md#beginner-translation-practice `aguzam` (via fabrication); roles.md#beginner-english-to-agazan `gaxaguzam` (via fabrication),,,
2680,carpet,,triage,,,,,
2681,cluster,,translate,,joins.md#full-single-item-and-standalone-inventories `zan` (via bundle),,,
2683,hurry,,translate,adeho 💨 haste (haste),restrictors.md#only-when-never-hal `hadehom` (via haste); clause.md#adverbs-h `hadehom` (via haste); comparatives.md#beginner-translation-practice `adehom` (via haste); dependents.md#dependent-clauses `wadehom` (via haste),,,
2684,logic,,triage,,,,,
2685,controversial,,triage,,,,,
2687,grammar,,triage,,,,,
2688,revise,,triage,,,,,
2689,hint,,translate,alaza 🫁 breath (breath); ewedu 🌬️ wind (wind),sakes.md#beginner-translation-practice `ewedul` (via wind); sakes.md#beginner-english-to-agazan `zewedul` (via wind),,,
2692,liquid,,translate,,say-reasons.md#reasons-causation-practice `emehul` (via melted),,,
2693,panic,,triage,,,,,
2694,uncle,,triage,,,,,
2696,slope,,translate,,hooks.md#hook-resume `or …` (via side); roles.md#viewpoint-vs-landmark `/ɡ/ / /b/` (via side); roles.md#viewpoint-laterals `PoS` (via side),,,
2697,happiness,,triage,,,,,
2698,genuine,,translate,,questions.md#polar-stance-fuller-inventory `ae / yael` (via true); questions.md#polar-stance `yael / yaem` (via true); predication.md#label-scope `tho` (via true); hooks.md#discourse-hooks `ol …` (via actual),,,
2699,vessel,,translate,,relations.md#of-relations `haham / gaham`,,,
2700,verb,,translate,,numbers.md#number-as-verb-by-marker `ro`; clause.md#role-letters `/v/`; spans.md#intermediate-translation-practice `valahal`; restrictors.md#on-the-following-adjective-w `/h/`,,,
2701,reckon,,translate,evega 🤔 think (think); azahe 👀 look (look); ahaha 👁️ see (see); edazo 🔭 forecast (forecast),knowing.md#beginner-translation-practice `vevegal` (via think); knowing.md#beginner-english-to-agazan `vevegal` (via think); knowing.md#beginner-agazan-to-english `vevegal` (via think); say-tense.md#will-want `thumar` (via think),,,
2702,silly,,translate,ezeha 🤪 zany (zany); edezu 💫 dizzy (dizzy),,,,
2703,transportation,,translate,oveze 🏤 conveyance (conveyance),,,,
2704,harbor,,translate,uho 🛡️ shield (shield),join-across-roles.md#join-act-verbs `van` (via hold); numbers.md#special-number-as-stance `th-e-` (via hold),,,
2705,comedy,,triage,,,,,
2706,chase,,translate,ereza 🏇 pursuit (pursuit); odoga 🐕 dog (dog),say-people-places.md#stacked-owners `bodogal` (via dog); say-questions.md#exclamations `zodogal` (via dog); clause.md#who-acts-and-the-action `zodogal` (via dog); joins.md#and-lists-a `zodogal` (via dog),,,
2708,universe,,translate,,comparatives.md#judgment-benchmarks-worse-than `zeyen` (via population); say-tense.md#future `bral` (via world),,,
2709,horrible,,triage,,,,,
2710,sheep,,triage,,,,,
2711,lover,,translate,avave 🪭 fan (fan),,,,
2713,portrait,,triage,,,,,
2714,innocent,,translate,edeze 🏜️ barren (barren),numeric-derivation.md#quasi-n-e-1-e-2 `g-e-2` (via free); joins.md#invert-ua-uo-ue `uo` (via free); join-across-roles.md#join-act-verbs `vuon` (via free); numeric-derivation.md#rank-annihilated-morph-0e `ROOTl#0e` (via free),,,
2715,substitute,,translate,ereva 😌 relief (relief); aveva 🧆 alternative (alternative); ababu 🛢️ reserve (reserve),numeric-derivation.md#ordinal-digit-morphs-n `ROOTl#2` (via backup); speech-moves.md#speech-act-statement-question-command `yol` (via fill-in); speech-moves.md#speech-act `yol` (via fill-in); relations.md#exchange `hogem` (via exchange),,,
2716,supplement,,translate,avaze 🍟 accessory (accessory),,,,
2718,reasonably,,translate,,comparatives.md#judgment-benchmarks-worse-than `zebeyum zeyen zuem gagazam` (via somewhat); clause.md#degree-w `wadeham` (via fairly),,,
2719,filter,,translate,,spans.md#scope-islands `Join outside with island nearby`; numbers.md#special-number-as-verb-and-adverb `h~+e-` (via strain),,,
2720,flexible,,triage,,,,,
2721,abstract,,translate,ezevu 🥷 sneak (sneak); eleva 🏋️ lift (lift); uhuga 🪝 hook (hook),speech-moves.md#beginner-translation-practice `vezevul` (via sneak); speech-moves.md#beginner-english-to-agazan `vezevul` (via sneak); plurality.md#beginner-translation-practice `vezevul` (via sneak); clause.md#beginner-translation-practice `vezevul` (via sneak),,,
2723,precise,,translate,,spans.md#endings `-l`; spans.md#exact-paraphrase-proper `(none)` (via exact); joins.md#choice-o `zol` (via exact); join-across-roles.md#vp-clause-forms `xol` (via exact),,,
2724,distant,,triage,,,,,
2725,stranger,,translate,eleho 👽 alien (alien); anada 🌃 unknown (unknown),predication.md#label-scope `tho`; joins.md#full-single-item-and-standalone-inventories `zar` (via unknown); say-questions.md#set-single-item-under-question `…ar` (via unknown); sakes.md#time-horizon-endings-on-met `…tham` (via unknown),,,
2728,situate,,translate,,sakes.md#unmet-thu-detracts-from-the-sake `…thul` (via fix); predication.md#label-scope `the` (via fix),,,
2729,summarize,,translate,,roles.md#endings-and-resume `-r` (via resume); numbers.md#starter-examples `g=+3` (via resume); relations.md#as-of `hener / humer` (via resume); numbers.md#from-the-end-—-end-relative-ordinal-marker-ue `g=#-2` (via resume),,,
2730,leap,,translate,aguge 🦘 bounce (bounce); aguge 🦘 jump (jump); ahazo 🪻 spring (spring),roles.md#goal-source-path `…uaxROOT…` (via spring); numbers.md#special-number-as-verb-and-adverb `v+e` (via bound); numbers.md#stacked-markers `+-` (via bound),,,
2731,snap,,translate,,say-tense.md#tense-jobs `thodom barl / thrul` (via shot); intention.md#endings-—-commitment `thudor` (via shot),,,
2732,probability,,translate,adaza 🎲 chance (chance),sakes.md#speaker-attitude `theledem` (via chance); numeric-derivation.md#hyperbole-sense-1e-1e-1e `ROOTl+1e-` (via chance); numbers.md#special-number-as-stance `th+0e` (via chance),,,
2733,leather,,triage,,,,,
2735,swear,,translate,egeze 🤬 curse (curse); azawa 🦢 swan (swan); abagu 🏦 bank (bank); egeho 🦯 trust (trust),say-people-places.md#which-noun-with-resume-and-kinds `babagul` (via bank); relations.md#locative-relations `babagul` (via bank); word-endings.md#concrete-l `azawal` (via swan); causation.md#only-because `thodom / godom` (via assert),,,
2736,refugee,,triage,,,,,
2737,shore,,translate,,sakes.md#emotion-compose `o` (via land); sakes.md#thanks-sorry `…thar` (via land),,,
2738,monthly,,triage,,,,,
2739,comprise,,translate,,speech-moves.md#speech-manner `thagazam` (via be); say-questions.md#set-single-item-under-question `…ol` (via be); say-tense.md#can-may `xa / thunem` (via be); knowing.md#hold-endings-may `thovom` (via be),,,
2740,stir,,translate,agehe 🧙 conjure (conjure),word-endings.md#continue-x-overview `/x/` (via shift),,,
2741,excitement,,translate,abeho ❤️‍🔥 fervor (fervor); ododo 🌪️ turmoil (turmoil),,,,
2743,pregnancy,,triage,,,,,
2744,experimental,,triage,,,,,
2745,institutional,,triage,,,,,
2746,slice,,translate,,relations.md#of-relations `hozazom / gozazom`; clause.md#role-letters `/b/` (via piece); spans.md#close-forms-complete-editorial-close-all `xuxur` (via cut),,,
2747,wander,,translate,azawa 🦢 swan (swan); ewedu 🌬️ wind (wind); evedu 🧵 thread (thread),word-endings.md#concrete-l `azawal` (via swan); sakes.md#beginner-translation-practice `ewedul` (via wind); sakes.md#beginner-english-to-agazan `zewedul` (via wind); word-endings.md#the-three-endings `azawal` (via swan),,,
2748,empire,,triage,,,,,
2749,subsequently,,translate,,say-reasons.md#factivity-if-vs-because `bral` (via later); say-reasons.md#remote-unreal `bral` (via later); say-tense.md#future `bral` (via later); say-reasons.md#plan-and-forecast-against-a-snapshot `bral` (via later),,,
2750,gentle,,translate,ubuha 🔵 blue (blue),clause.md#adjectives-ɡ `gubuhal` (via blue); clause.md#adjective-detail-w `gubuhal` (via blue); predication.md#beginner-translation-practice `ubuhal` (via blue); predication.md#beginner-english-to-agazan `gubuhal` (via blue),,,
2751,attendance,,triage,,,,,
2753,qualification,,triage,,,,,
2754,suspend,,triage,,,,,
2755,functional,,translate,,english.md#for `el / /b/` (via working); spans.md#exact-paraphrase-proper `@` (via working); sakes.md#sake-inventory `udu` (via working); joins.md#full-single-item-and-standalone-inventories `zaom` (via working),,,
2756,voluntary,,triage,,,,,
2757,pale,,translate,ezega 🤒 sick (sick),,,,
2758,stain,,translate,uzaga 🦨 stigma (stigma),spans.md#close-forms-complete-editorial-close-all `xuxum` (via mark); x-compounds.md#one-thing-or-two `two words` (via mark); word-endings.md#intermediate-translation-practice `gazawan` (via brand); word-endings.md#proper-name--n `/y/` (via brand),,,
2759,athlete,,triage,,,,,
2760,organic,,translate,,relations.md#of-relations `habom / gabom` (via constitutive),,,
2762,server,,translate,,numbers.md#parts-of-speech-on-numbers `/b/` (via host); say-people-places.md#antecedent-was-an-adjective-extra-w `/ɡ/ / -r` (via host); say-people-places.md#antecedent-was-a-noun-z-d-or-b `/z/ / /d/ / /b/ / -r` (via host); predication.md#label-scope `tho` (via host),,,
2763,structural,,triage,,,,,
2764,website,,triage,,,,,example only
2765,fool,,translate,,spans.md#close-forms-complete-editorial-close-all `xuxum` (via mark); x-compounds.md#one-thing-or-two `two words` (via mark); numeric-derivation.md#infinite-landmark-labels-e-e-1e `ROOTl_1e` (via cod); numeric-derivation.md#hyperbole-sense-1e-1e-1e `ROOTl_1e-` (via cod),,,
2766,alongside,,triage,,,,,
2767,unite,,translate,elege 🔗 link (link),plurality.md#verbs-v `zavahal vowogalx`; numbers-applied.md#measure-phrases `gezezem g+2`; numeric-derivation.md#label-code-sense `ROOTl_`; numeric-derivation.md#scalar-digit-morphs-n-n `ROOTl+1`,,,
2768,gently,,translate,,speech-moves.md#speech-act `yam` (via softly); questions.md#question `yom` (via softly); questions.md#polar-stance `yaem` (via softly); say-questions.md#set-standalone-under-question `…um` (via softly),,,
2769,compute,,translate,,numbers.md#number-as-stance-by-marker `ra / ru` (via figure); relations.md#locative-relations `hozam / gozam` (via figure); numbers-applied.md#percent-and-percentage-points `yo` (via figure),,,
2770,wipe,,translate,,numbers.md#zero-exponent-number-as-interjection `y+0e`; numbers.md#zero-exponent-number-as-verb-and-adverb `v-0e`; numbers.md#zero-exponent-referential `g-0e`; numeric-derivation.md#zero-×-exponent-0e-±0e-1 `ROOTl+0e`,,,
2771,weird,,triage,,,,,
2772,gaze,,translate,,english.md#about `hahehom / /b/` (via regard); numbers.md#number-as-discourse-marker-by-marker `ro` (via regard),,,
2773,fade,,translate,emehu 🫠 melt (melt),say-reasons.md#reasons-causation-practice `emehul` (via melt); relations.md#of-relations `hozazom / gozazom` (via slice); intention.md#want-endings `thuhur` (via pass),,,
2774,cough,,triage,,,,,
2775,hypothesis,,translate,egewe ❓ possibility (possibility),spans.md#scope-islands `hegewem` (via possibility); spans.md#intermediate-translation-practice `hegewem` (via possibility); spans.md#intermediate-english-to-agazan `hegewem` (via possibility); spans.md#intermediate-agazan-to-english `hegewem` (via possibility),,,
2776,royal,,translate,ebebu 🟣 purple (purple),,,,
2777,theoretical,,triage,,,,,
2778,curtain,,triage,,,,,
2779,mayor,,triage,,,,,
2780,darkness,,triage,,,,,
2781,aunt,,triage,,,,,
2782,tournament,,triage,,,,,
2783,registration,,translate,azude 🎚️ adjustment (adjustment),numeric-derivation.md#infinite-landmark-labels-e-e-1e `ROOTl_1e-`; numeric-derivation.md#hyperbole-sense-1e-1e-1e `ROOTl_1e-`; numeric-derivation.md#zero-×-exponent-0e-±0e-1 `ROOTl+0e-`,,,
2784,fragment,,translate,,spans.md#type-vowels `e`,,,
2787,tender,,translate,uwa 🪵 raw (raw),say-questions.md#set-standalone-under-question `…uom` (via offer); say-questions.md#rank-single-item-under-question `…uem` (via offer); say-tense.md#must-should `thonathem` (via offer); sakes.md#prescription-the-ought-this-act-for-this-sake `thonathem` (via offer),,,
2788,density,,triage,,,,,
2789,ugly,,triage,,,,,
2790,module,,triage,,,,,
2791,faithfully,,triage,,,,,
2793,cheek,,translate,aveza 🙂 face (face); egewu 🖍️ boldness (boldness),roles.md#arrow-rose-compass-vs-face `onoval` (via face),,,
2795,holder,,translate,,roles.md#bearer `zuexaregum` (via bearer); roles.md#intermediate-agazan-to-english `duexaregur` (via bearer),,,
2796,solar,,triage,,,,,
2799,noun,,translate,,spans.md#intermediate-translation-practice `alahal`; clause.md#role-letters `/ɡ/`; dependents.md#intermediate-translation-practice `gabum`; numbers.md#starter-examples `g+3`,,,
2800,fortunate,,triage,,,,,
2801,alright,,translate,ogeha 👌 ok (ok),questions.md#polar-stance `yaol / yaom` (via okay); joins.md#rare-arities-and-edge-readings `A B C zor / … zer` (via fine); say-questions.md#set-standalone-under-question `…om` (via ok); sakes.md#consent `thuxegar` (via ok),,,
2802,lazy,,translate,,predication.md#label-scope `thu`,,,
2803,hello,,triage,,,,,example only
2804,hunger,,triage,,,,,
2805,insure,,translate,ahaha 👁️ see (see); anaba 🎛️ control (control); eha ✅ check (check),numbers-applied.md#digit-strings `vahahal` (via see); say-people-places.md#as-for `vahahal` (via see); say-questions.md#echo `vahahal` (via see); say-people-places.md#which-noun-with-resume-and-kinds `vahahal` (via see),,,
2806,ashamed,,triage,,,,,
2807,found,,translate,arage 🚀 launch (launch); agudu 🟫 ground (ground),knowing.md#universality `… hual … thehol`; english.md#as `thevem barl / thabem barl` (via ground); say-reasons.md#english-cues `barl / thevem barl / thabem barl` (via ground); numbers.md#stacked-markers `#_` (via ground),,,
2808,blog,,triage,,,,,
2809,thirst,,triage,,,,,
